tag,freq_hz,dt,pos_iters,vel_iters,n_ok,n_total,mean_wall_time_sec,std_wall_time_sec,movement_csv
grid,240,0.004166666666666667,4,1,5,5,0.523043,0.025705,movement_freq240hz_pos4_vel1.csv
grid,240,0.004166666666666667,4,4,5,5,0.641895,0.046054,movement_freq240hz_pos4_vel4.csv
grid,240,0.004166666666666667,4,8,5,5,0.670819,0.058007,movement_freq240hz_pos4_vel8.csv
grid,240,0.004166666666666667,8,1,5,5,0.708635,0.086017,movement_freq240hz_pos8_vel1.csv
grid,240,0.004166666666666667,8,4,5,5,0.835208,0.022464,movement_freq240hz_pos8_vel4.csv
grid,240,0.004166666666666667,8,8,5,5,0.989855,0.049647,movement_freq240hz_pos8_vel8.csv
grid,240,0.004166666666666667,16,1,5,5,1.076216,0.084831,movement_freq240hz_pos16_vel1.csv
grid,240,0.004166666666666667,16,4,5,5,1.160819,0.132592,movement_freq240hz_pos16_vel4.csv
grid,240,0.004166666666666667,16,8,5,5,1.392939,0.074483,movement_freq240hz_pos16_vel8.csv
grid,240,0.004166666666666667,32,1,5,5,1.847058,0.115480,movement_freq240hz_pos32_vel1.csv
grid,240,0.004166666666666667,32,4,5,5,1.977507,0.033123,movement_freq240hz_pos32_vel4.csv
grid,240,0.004166666666666667,32,8,5,5,1.989002,0.089378,movement_freq240hz_pos32_vel8.csv
grid,360,0.002777777777777778,4,1,5,5,0.795138,0.013434,movement_freq360hz_pos4_vel1.csv
grid,360,0.002777777777777778,4,4,5,5,0.955317,0.047874,movement_freq360hz_pos4_vel4.csv
grid,360,0.002777777777777778,4,8,5,5,1.159563,0.093424,movement_freq360hz_pos4_vel8.csv
grid,360,0.002777777777777778,8,1,5,5,1.057183,0.042599,movement_freq360hz_pos8_vel1.csv
grid,360,0.002777777777777778,8,4,5,5,1.262082,0.132932,movement_freq360hz_pos8_vel4.csv
grid,360,0.002777777777777778,8,8,5,5,1.496256,0.120363,movement_freq360hz_pos8_vel8.csv
grid,360,0.002777777777777778,16,1,5,5,1.684113,0.114753,movement_freq360hz_pos16_vel1.csv
grid,360,0.002777777777777778,16,4,5,5,1.838705,0.114250,movement_freq360hz_pos16_vel4.csv
grid,360,0.002777777777777778,16,8,5,5,1.943050,0.183981,movement_freq360hz_pos16_vel8.csv
grid,360,0.002777777777777778,32,1,5,5,2.751970,0.075342,movement_freq360hz_pos32_vel1.csv
grid,360,0.002777777777777778,32,4,5,5,2.904199,0.129673,movement_freq360hz_pos32_vel4.csv
grid,360,0.002777777777777778,32,8,5,5,3.022440,0.070294,movement_freq360hz_pos32_vel8.csv
grid,480,0.0020833333333333333,4,1,5,5,1.072067,0.048440,movement_freq480hz_pos4_vel1.csv
grid,480,0.0020833333333333333,4,4,5,5,1.284235,0.032458,movement_freq480hz_pos4_vel4.csv
grid,480,0.0020833333333333333,4,8,5,5,1.548214,0.122810,movement_freq480hz_pos4_vel8.csv
grid,480,0.0020833333333333333,8,1,5,5,1.508560,0.090972,movement_freq480hz_pos8_vel1.csv
grid,480,0.0020833333333333333,8,4,5,5,1.724006,0.138027,movement_freq480hz_pos8_vel4.csv
grid,480,0.0020833333333333333,8,8,5,5,2.016581,0.170843,movement_freq480hz_pos8_vel8.csv
grid,480,0.0020833333333333333,16,1,5,5,2.173082,0.239166,movement_freq480hz_pos16_vel1.csv
grid,480,0.0020833333333333333,16,4,5,5,2.496078,0.166031,movement_freq480hz_pos16_vel4.csv
current_production,480,0.0020833333333333333,16,8,5,5,2.727575,0.166479,movement_freq480hz_pos16_vel8.csv
grid,480,0.0020833333333333333,32,1,5,5,3.616264,0.232655,movement_freq480hz_pos32_vel1.csv
grid,480,0.0020833333333333333,32,4,5,5,3.811061,0.136471,movement_freq480hz_pos32_vel4.csv
grid,480,0.0020833333333333333,32,8,5,5,4.046848,0.127421,movement_freq480hz_pos32_vel8.csv
grid,960,0.0010416666666666667,4,1,5,5,2.295912,0.032894,movement_freq960hz_pos4_vel1.csv
grid,960,0.0010416666666666667,4,4,5,5,2.546691,0.126032,movement_freq960hz_pos4_vel4.csv
grid,960,0.0010416666666666667,4,8,5,5,3.195638,0.355771,movement_freq960hz_pos4_vel8.csv
grid,960,0.0010416666666666667,8,1,5,5,3.004174,0.096442,movement_freq960hz_pos8_vel1.csv
grid,960,0.0010416666666666667,8,4,5,5,3.328819,0.063298,movement_freq960hz_pos8_vel4.csv
grid,960,0.0010416666666666667,8,8,5,5,3.889002,0.211822,movement_freq960hz_pos8_vel8.csv
grid,960,0.0010416666666666667,16,1,5,5,4.589395,0.177990,movement_freq960hz_pos16_vel1.csv
grid,960,0.0010416666666666667,16,4,5,5,5.095533,0.360118,movement_freq960hz_pos16_vel4.csv
grid,960,0.0010416666666666667,16,8,5,5,5.635384,0.146507,movement_freq960hz_pos16_vel8.csv
grid,960,0.0010416666666666667,32,1,5,5,7.345079,0.194817,movement_freq960hz_pos32_vel1.csv
grid,960,0.0010416666666666667,32,4,5,5,7.420228,0.125783,movement_freq960hz_pos32_vel4.csv
grid,960,0.0010416666666666667,32,8,5,5,7.933983,0.210052,movement_freq960hz_pos32_vel8.csv
grid,1200,0.0008333333333333334,4,1,5,5,2.782953,0.136726,movement_freq1200hz_pos4_vel1.csv
grid,1200,0.0008333333333333334,4,4,5,5,3.260009,0.111707,movement_freq1200hz_pos4_vel4.csv
grid,1200,0.0008333333333333334,4,8,5,5,3.967690,0.183127,movement_freq1200hz_pos4_vel8.csv
grid,1200,0.0008333333333333334,8,1,5,5,3.794320,0.101244,movement_freq1200hz_pos8_vel1.csv
grid,1200,0.0008333333333333334,8,4,5,5,4.270470,0.168335,movement_freq1200hz_pos8_vel4.csv
grid,1200,0.0008333333333333334,8,8,5,5,5.080709,0.160294,movement_freq1200hz_pos8_vel8.csv
grid,1200,0.0008333333333333334,16,1,5,5,5.674527,0.254511,movement_freq1200hz_pos16_vel1.csv
grid,1200,0.0008333333333333334,16,4,5,5,6.180118,0.200248,movement_freq1200hz_pos16_vel4.csv
grid,1200,0.0008333333333333334,16,8,5,5,6.884074,0.193040,movement_freq1200hz_pos16_vel8.csv
grid,1200,0.0008333333333333334,32,1,5,5,9.141995,0.154279,movement_freq1200hz_pos32_vel1.csv
grid,1200,0.0008333333333333334,32,4,5,5,9.475613,0.100329,movement_freq1200hz_pos32_vel4.csv
grid,1200,0.0008333333333333334,32,8,5,5,10.168554,0.053751,movement_freq1200hz_pos32_vel8.csv
grid,1920,0.0005208333333333333,4,1,5,5,4.334424,0.138827,movement_freq1920hz_pos4_vel1.csv
grid,1920,0.0005208333333333333,4,4,5,5,5.304315,0.315921,movement_freq1920hz_pos4_vel4.csv
grid,1920,0.0005208333333333333,4,8,5,5,6.135751,0.129602,movement_freq1920hz_pos4_vel8.csv
grid,1920,0.0005208333333333333,8,1,5,5,5.880862,0.207718,movement_freq1920hz_pos8_vel1.csv
grid,1920,0.0005208333333333333,8,4,5,5,6.704787,0.123236,movement_freq1920hz_pos8_vel4.csv
grid,1920,0.0005208333333333333,8,8,5,5,8.153400,0.304976,movement_freq1920hz_pos8_vel8.csv
grid,1920,0.0005208333333333333,16,1,5,5,9.137937,0.470999,movement_freq1920hz_pos16_vel1.csv
grid,1920,0.0005208333333333333,16,4,5,5,10.150655,0.567074,movement_freq1920hz_pos16_vel4.csv
grid,1920,0.0005208333333333333,16,8,5,5,10.861789,0.276650,movement_freq1920hz_pos16_vel8.csv
grid,1920,0.0005208333333333333,32,1,5,5,14.423173,0.232917,movement_freq1920hz_pos32_vel1.csv
grid,1920,0.0005208333333333333,32,4,5,5,15.133826,0.282889,movement_freq1920hz_pos32_vel4.csv
grid,1920,0.0005208333333333333,32,8,5,5,16.025575,0.170838,movement_freq1920hz_pos32_vel8.csv
grid,4800,0.00020833333333333335,4,1,5,5,11.007691,0.220249,movement_freq4800hz_pos4_vel1.csv
grid,4800,0.00020833333333333335,4,4,5,5,12.945359,0.319312,movement_freq4800hz_pos4_vel4.csv
grid,4800,0.00020833333333333335,4,8,5,5,15.742046,0.361365,movement_freq4800hz_pos4_vel8.csv
grid,4800,0.00020833333333333335,8,1,5,5,14.818012,0.510124,movement_freq4800hz_pos8_vel1.csv
grid,4800,0.00020833333333333335,8,4,5,5,16.994245,0.831167,movement_freq4800hz_pos8_vel4.csv
grid,4800,0.00020833333333333335,8,8,5,5,20.225926,0.312124,movement_freq4800hz_pos8_vel8.csv
grid,4800,0.00020833333333333335,16,1,5,5,22.840111,0.615202,movement_freq4800hz_pos16_vel1.csv
grid,4800,0.00020833333333333335,16,4,5,5,24.511920,0.290964,movement_freq4800hz_pos16_vel4.csv
grid,4800,0.00020833333333333335,16,8,5,5,27.325191,0.680423,movement_freq4800hz_pos16_vel8.csv
grid,4800,0.00020833333333333335,32,1,5,5,36.424333,0.406351,movement_freq4800hz_pos32_vel1.csv
grid,4800,0.00020833333333333335,32,4,5,5,37.572194,0.306793,movement_freq4800hz_pos32_vel4.csv
grid,4800,0.00020833333333333335,32,8,5,5,39.625223,0.506420,movement_freq4800hz_pos32_vel8.csv
