Time,Pistoning (suspension_slide),Angle_X,Angle_Y,Angle_Z
0.0010416666666666667,-1.6992978205121467e-12,-0.0,-0.0,-0.0
0.0020833333333333333,-4.053119818936413e-12,-0.0,-0.0,-0.0
0.003125,3.691092570479171e-13,-0.0,-0.0,-0.0
0.004166666666666667,-3.2582825326699094e-12,-0.0,-0.0,-0.0
0.005208333333333333,7.333925133856667e-12,-0.0,-0.0,-0.0
0.0062499999999999995,1.4258323254717764e-12,-0.0,-0.0,-0.0
0.007291666666666666,4.744491258201755e-12,-0.0,-0.0,-0.0
0.008333333333333333,-7.104758404860578e-13,-0.0,-0.0,-0.0
0.009375,1.3444508093624075e-12,-0.0,-0.0,-0.0
0.010416666666666666,-2.791558434064867e-12,-0.0,-0.0,-0.0
0.011458333333333333,1.0031608356497745e-11,-0.0,-0.0,-0.0
0.012499999999999999,-1.5292132794428315e-12,-0.0,-0.0,-0.0
0.013541666666666665,1.1420092302372176e-11,-0.0,-0.0,-0.0
0.014583333333333332,9.869318903787949e-12,-0.0,-0.0,-0.0
0.015624999999999998,8.145786128954668e-12,-0.0,-0.0,-0.0
0.016666666666666666,-1.1107965242063145e-11,-0.0,-0.0,-0.0
0.017708333333333333,2.5569409870668247e-12,-0.0,-0.0,-0.0
0.01875,4.454586005619987e-12,-0.0,-0.0,-0.0
0.019791666666666666,2.8614551700334445e-11,-0.0,-0.0,-0.0
0.020833333333333332,2.944856858366762e-11,-0.0,-0.0,-0.0
0.021875,3.401411444170499e-11,-0.0,-0.0,-0.0
0.022916666666666665,1.402830716173975e-11,-0.0,-0.0,-0.0
0.02395833333333333,7.379027944232064e-11,-0.0,-0.0,-0.0
0.024999999999999998,8.687223163050817e-11,-0.0,-0.0,-0.0
0.026041666666666664,1.2272524663181628e-10,-0.0,-0.0,-0.0
0.02708333333333333,1.270343830128695e-10,-0.0,-0.0,-0.0
0.028124999999999997,1.5382869977820235e-10,-0.0,-0.0,-0.0
0.029166666666666664,1.4873349774013889e-10,-0.0,-0.0,-0.0
0.03020833333333333,1.6598428187464265e-10,-0.0,-0.0,-0.0
0.031249999999999997,1.619356454485299e-10,-0.0,-0.0,-0.0
0.03229166666666666,1.8043525007449546e-10,-0.0,-0.0,-0.0
0.03333333333333333,1.6800047464293755e-10,-0.0,-0.0,-0.0
0.034375,1.9208658275093882e-10,-0.0,-0.0,-0.0
0.03541666666666667,1.8295261139389396e-10,-0.0,-0.0,-0.0
0.03645833333333334,1.958374434840593e-10,-0.0,-0.0,-0.0
0.03750000000000001,1.8721173222768783e-10,-0.0,-0.0,-0.0
0.03854166666666668,2.0207396866922522e-10,-0.0,-0.0,-0.0
0.03958333333333335,1.9536997020175306e-10,-0.0,-0.0,-0.0
0.04062500000000002,2.120270070626873e-10,-0.0,-0.0,-0.0
0.04166666666666669,2.0613094564581047e-10,-0.0,-0.0,-0.0
0.04270833333333336,2.2238402785923483e-10,-0.0,-0.0,-0.0
0.04375000000000003,2.1596487098651806e-10,-0.0,-0.0,-0.0
0.0447916666666667,2.3172730401199715e-10,-0.0,-0.0,-0.0
0.04583333333333337,2.257571352082266e-10,-0.0,-0.0,-0.0
0.04687500000000004,2.4189014680153775e-10,-0.0,-0.0,-0.0
0.04791666666666671,2.3622323541694357e-10,-0.0,-0.0,-0.0
0.04895833333333338,2.950519550903863e-10,-0.0,-0.0,-0.0
0.05000000000000005,2.2603864613390812e-10,-0.0,-0.0,-0.0
0.05104166666666672,2.2395106602512982e-10,-0.0,-0.0,-0.0
0.05208333333333339,1.775214281130033e-10,-0.0,-0.0,-0.0
0.05312500000000006,1.9707920018152691e-10,-0.0,-0.0,-0.0
0.05416666666666673,1.7255397111171078e-10,-0.0,-0.0,-0.0
0.0552083333333334,1.9404168549730372e-10,-0.0,-0.0,-0.0
0.05625000000000007,1.7068552127241787e-10,-0.0,-0.0,-0.0
0.05729166666666674,1.9307833110104866e-10,-0.0,-0.0,-0.0
0.05833333333333341,1.7143664265972802e-10,-0.0,-0.0,-0.0
0.05937500000000008,1.9461708633539132e-10,-0.0,-0.0,-0.0
0.06041666666666675,1.7402984608949623e-10,-0.0,-0.0,-0.0
0.06145833333333342,1.991996151362585e-10,-0.0,-0.0,-0.0
0.06250000000000008,1.8052541406188283e-10,-0.0,-0.0,-0.0
0.06354166666666675,2.0683263435294919e-10,-0.0,-0.0,-0.0
0.06458333333333341,1.8817469804588427e-10,-0.0,-0.0,-0.0
0.06562500000000007,2.1446258657853434e-10,-0.0,-0.0,-0.0
0.06666666666666674,1.9690166164210154e-10,-0.0,-0.0,-0.0
0.0677083333333334,2.2524609954999164e-10,-0.0,-0.0,-0.0
0.06875000000000006,2.0959511903839712e-10,-0.0,-0.0,-0.0
0.06979166666666672,2.3875704191489433e-10,-0.0,-0.0,-0.0
0.07083333333333339,2.2284915579540154e-10,-0.0,-0.0,-0.0
0.07187500000000005,2.5246177370874534e-10,-0.0,-0.0,-0.0
0.07291666666666671,2.366574991530257e-10,-0.0,-0.0,-0.0
0.07395833333333338,2.663093356947144e-10,-0.0,-0.0,-0.0
0.07500000000000004,2.516683805797726e-10,-0.0,-0.0,-0.0
0.0760416666666667,2.826854306192672e-10,-0.0,-0.0,-0.0
0.07708333333333336,3.0090277491900963e-10,-0.0,-0.0,-0.0
0.07812500000000003,3.359743594444353e-10,-0.0,-0.0,-0.0
0.07916666666666669,2.5480847987147115e-10,-0.0,-0.0,-0.0
0.08020833333333335,2.2460078241692827e-10,-0.0,-0.0,-0.0
0.08125000000000002,1.094364876497167e-10,-0.0,-0.0,-0.0
0.08229166666666668,9.172135967405737e-11,-0.0,-0.0,-0.0
0.08333333333333334,3.337231185840395e-11,-0.0,-0.0,-0.0
0.084375,4.289260960299579e-11,-0.0,-0.0,-0.0
0.08541666666666667,9.988869106858367e-12,-0.0,-0.0,-0.0
0.08645833333333333,2.3975002538811907e-11,-0.0,-0.0,-0.0
0.0875,-6.002326673887337e-12,-0.0,-0.0,-0.0
0.08854166666666666,1.108958584683517e-11,-0.0,-0.0,-0.0
0.08958333333333332,-1.4304456057157022e-11,-0.0,-0.0,-0.0
0.09062499999999998,7.43011988740827e-12,-0.0,-0.0,-0.0
0.09166666666666665,-1.3328004498658341e-11,-0.0,-0.0,-0.0
0.09270833333333331,1.1795761416244499e-11,-0.0,-0.0,-0.0
0.09374999999999997,-5.873746367762722e-12,-0.0,-0.0,-0.0
0.09479166666666664,1.8465288326163787e-11,-0.0,-0.0,-0.0
0.0958333333333333,-2.8587382461253696e-11,-0.0,-0.0,-0.0
0.09687499999999996,-7.526065708141072e-12,-0.0,-0.0,-0.0
0.09791666666666662,-2.8507449872927637e-11,-0.0,-0.0,-0.0
0.09895833333333329,-2.3023750874567872e-12,-0.0,-0.0,-0.0
0.09999999999999995,-1.0149450724306064e-10,-0.0,-0.0,-0.0
0.10104166666666661,3.41436809381257e-11,-0.0,-0.0,-0.0
0.10208333333333328,3.880390453403493e-11,-0.0,-0.0,-0.0
0.10312499999999994,1.338517352511559e-10,-0.0,-0.0,-0.0
0.1041666666666666,9.793060112839314e-11,-0.0,-0.0,-0.0
0.10520833333333326,1.5190312896429248e-10,-0.0,-0.0,-0.0
0.10624999999999993,1.172725250242479e-10,-0.0,-0.0,-0.0
0.10729166666666659,1.7374038319140084e-10,-0.0,-0.0,-0.0
0.10833333333333325,1.4130553671609647e-10,-0.0,-0.0,-0.0
0.10937499999999992,1.9846062293549238e-10,-0.0,-0.0,-0.0
0.11041666666666658,1.6581544470817278e-10,-0.0,-0.0,-0.0
0.11145833333333324,2.2434300250839811e-10,-0.0,-0.0,-0.0
0.1124999999999999,1.9329672584778024e-10,-0.0,-0.0,-0.0
0.11354166666666657,2.526609199637875e-10,-0.0,-0.0,-0.0
0.11458333333333323,2.227275863742051e-10,-0.0,-0.0,-0.0
0.1156249999999999,2.82279477570313e-10,-0.0,-0.0,-0.0
0.11666666666666656,3.3395872178765273e-10,-0.0,-0.0,-0.0
0.11770833333333322,4.242259321607378e-10,-0.0,-0.0,-0.0
0.11874999999999988,2.8170665800075767e-10,-0.0,-0.0,-0.0
0.11979166666666655,2.7002058922143135e-10,-0.0,-0.0,-0.0
0.12083333333333321,1.4967767303364354e-10,-0.0,-0.0,-0.0
0.12187499999999987,1.6284629200669087e-10,-0.0,-0.0,-0.0
0.12291666666666654,8.849983246239645e-11,-0.0,-0.0,-0.0
0.1239583333333332,1.4702665473986798e-10,-0.0,-0.0,-0.0
0.12499999999999986,1.1854878190220575e-10,-0.0,-0.0,-0.0
0.12604166666666652,1.7202422819551089e-10,-0.0,-0.0,-0.0
0.1270833333333332,7.931841294883668e-11,-0.0,-0.0,-0.0
0.12812499999999985,1.2022607909223382e-10,-0.0,-0.0,-0.0
0.1291666666666665,1.3488453409760126e-10,-0.0,-0.0,-0.0
0.13020833333333318,3.54270612845653e-10,-0.0,-0.0,-0.0
0.13124999999999984,3.801888526222541e-10,-0.0,-0.0,-0.0
0.1322916666666665,5.127797075843432e-10,-0.0,-0.0,-0.0
0.13333333333333316,5.126994384596628e-10,-0.0,-0.0,-0.0
0.13437499999999983,5.989282958474007e-10,-0.0,-0.0,-0.0
0.1354166666666665,5.501046285161237e-10,-0.0,-0.0,-0.0
0.13645833333333315,5.87236481663922e-10,-0.0,-0.0,-0.0
0.13749999999999982,5.325678786860522e-10,-0.0,-0.0,-0.0
0.13854166666666648,5.658483681614257e-10,-0.0,-0.0,-0.0
0.13958333333333314,5.082744225504143e-10,-0.0,-0.0,-0.0
0.1406249999999998,5.380187961812055e-10,-0.0,-0.0,-0.0
0.14166666666666647,4.767423678053717e-10,-0.0,-0.0,-0.0
0.14270833333333313,5.046037476752474e-10,-0.0,-0.0,-0.0
0.1437499999999998,4.4110931574081746e-10,-0.0,-0.0,-0.0
0.14479166666666646,4.672070508249249e-10,-0.0,-0.0,-0.0
0.14583333333333312,4.0307460147381846e-10,-0.0,-0.0,-0.0
0.14687499999999978,4.268843611932027e-10,-0.0,-0.0,-0.0
0.14791666666666645,3.6021971516753126e-10,-0.0,-0.0,-0.0
0.1489583333333331,4.2594366922443783e-10,-0.0,-0.0,-0.0
0.14999999999999977,4.022142341408852e-10,-0.0,-0.0,-0.0
0.15104166666666644,4.681028342723437e-10,-0.0,-0.0,-0.0
0.1520833333333331,4.4334569349047115e-10,-0.0,-0.0,-0.0
0.15312499999999976,5.084273002609052e-10,-0.0,-0.0,-0.0
0.15416666666666642,4.830233435448861e-10,-0.0,-0.0,-0.0
0.1552083333333331,5.458944407621402e-10,-0.0,-0.0,-0.0
0.15624999999999975,5.175496697873427e-10,-0.0,-0.0,-0.0
0.1572916666666664,5.77290437675515e-10,-0.0,-0.0,-0.0
0.15833333333333308,6.476521541287639e-10,-0.0,-0.0,-0.0
0.15937499999999974,7.584740613353347e-10,-0.0,-0.0,-0.0
0.1604166666666664,6.121915196999339e-10,-0.0,-0.0,-0.0
0.16145833333333307,5.756450871530205e-10,-0.0,-0.0,-0.0
0.16249999999999973,3.8077804798142267e-10,-0.0,-0.0,-0.0
0.1635416666666664,3.7947392450554673e-10,-0.0,-0.0,-0.0
0.16458333333333305,3.430296602324745e-10,-0.0,-0.0,-0.0
0.16562499999999972,5.004519021412079e-10,-0.0,-0.0,-0.0
0.16666666666666638,5.241408418399374e-10,-0.0,-0.0,-0.0
0.16770833333333304,6.353792492141963e-10,-0.0,-0.0,-0.0
0.1687499999999997,6.132717667028942e-10,-0.0,-0.0,-0.0
0.16979166666666637,6.787882478320739e-10,-0.0,-0.0,-0.0
0.17083333333333303,6.517695272378887e-10,-0.0,-0.0,-0.0
0.1718749999999997,7.120932177251404e-10,-0.0,-0.0,-0.0
0.17291666666666636,6.807741592673722e-10,-0.0,-0.0,-0.0
0.17395833333333302,7.374673094417972e-10,-0.0,-0.0,-0.0
0.17499999999999968,7.00901725547709e-10,-0.0,-0.0,-0.0
0.17604166666666635,7.510720934078563e-10,-0.0,-0.0,-0.0
0.177083333333333,7.085422248920281e-10,-0.0,-0.0,-0.0
0.17812499999999967,7.524377232392965e-10,-0.0,-0.0,-0.0
0.17916666666666634,7.0312400346495e-10,-0.0,-0.0,-0.0
0.180208333333333,7.402515267429521e-10,-0.0,-0.0,-0.0
0.18124999999999966,6.842269528739564e-10,-0.0,-0.0,-0.0
0.18229166666666632,7.147502589788246e-10,-0.0,-0.0,-0.0
0.183333333333333,6.524442652811047e-10,-0.0,-0.0,-0.0
0.18437499999999965,6.770210503326268e-10,-0.0,-0.0,-0.0
0.1854166666666663,6.086174897390606e-10,-0.0,-0.0,-0.0
0.18645833333333298,6.695753396179782e-10,-0.0,-0.0,-0.0
0.18749999999999964,6.391879248113241e-10,-0.0,-0.0,-0.0
0.1885416666666663,6.95213497881042e-10,-0.0,-0.0,-0.0
0.18958333333333297,6.584492395766972e-10,-0.0,-0.0,-0.0
0.19062499999999963,6.878146385780326e-10,-0.0,-0.0,-0.0
0.1916666666666663,5.56850288102595e-10,-0.0,-0.0,-0.0
0.19270833333333295,5.558958848794759e-10,-0.0,-0.0,-0.0
0.19374999999999962,4.6424075694773137e-10,-0.0,-0.0,-0.0
0.19479166666666628,5.030862948451897e-10,-0.0,-0.0,-0.0
0.19583333333333294,4.5135450932320964e-10,-0.0,-0.0,-0.0
0.1968749999999996,4.0514283594639267e-10,-0.0,-0.0,-0.0
0.19791666666666627,3.1795707733373035e-10,-0.0,-0.0,-0.0
0.19895833333333293,4.6232451200722835e-10,-0.0,-0.0,-0.0
0.1999999999999996,4.726583013869856e-10,-0.0,-0.0,-0.0
0.20104166666666626,5.698787552965712e-10,-0.0,-0.0,-0.0
0.20208333333333292,3.5266459891269974e-11,-0.0,-0.0,-0.0
0.20312499999999958,-3.059037398389641e-11,-0.0,-0.0,-0.0
0.20416666666666625,-2.5533308800618215e-10,-0.0,-0.0,-0.0
0.2052083333333329,-2.129576098797159e-10,-0.0,-0.0,-0.0
0.20624999999999957,-3.4470726273383434e-10,-0.0,-0.0,-0.0
0.20729166666666624,-2.950028277215466e-10,-0.0,-0.0,-0.0
0.2083333333333329,-4.224711969147421e-10,-0.0,-0.0,-0.0
0.20937499999999956,-3.676315363243532e-10,-0.0,-0.0,-0.0
0.21041666666666622,-4.889026405940911e-10,-0.0,-0.0,-0.0
0.2114583333333329,-4.2634754060522084e-10,-0.0,-0.0,-0.0
0.21249999999999955,-5.388903212555363e-10,-0.0,-0.0,-0.0
0.2135416666666662,-4.679071019531023e-10,-0.0,-0.0,-0.0
0.21458333333333288,-5.721186302487524e-10,-0.0,-0.0,-0.0
0.21562499999999954,-4.920583385192856e-10,-0.0,-0.0,-0.0
0.2166666666666662,-5.876826802975188e-10,-0.0,-0.0,-0.0
0.21770833333333287,-4.999647917891537e-10,-0.0,-0.0,-0.0
0.21874999999999953,-5.874127850802324e-10,-0.0,-0.0,-0.0
0.2197916666666662,-4.9058290763071e-10,-0.0,-0.0,-0.0
0.22083333333333285,-5.687106341412118e-10,-0.0,-0.0,-0.0
0.22187499999999952,-4.633990136060362e-10,-0.0,-0.0,-0.0
0.22291666666666618,-5.332345676123396e-10,-0.0,-0.0,-0.0
0.22395833333333284,-4.1929629213122155e-10,-0.0,-0.0,-0.0
0.2249999999999995,-4.804866504670713e-10,-0.0,-0.0,-0.0
0.22604166666666617,-3.5871083881033883e-10,-0.0,-0.0,-0.0
0.22708333333333283,-4.124662000837276e-10,-0.0,-0.0,-0.0
0.2281249999999995,-2.8289739995024377e-10,-0.0,-0.0,-0.0
0.22916666666666616,-3.2915664638366593e-10,-0.0,-0.0,-0.0
0.23020833333333282,-1.9236064130456754e-10,-0.0,-0.0,-0.0
0.23124999999999948,-3.1813215950471374e-10,-0.0,-0.0,-0.0
0.23229166666666615,-2.638435303570219e-10,-0.0,-0.0,-0.0
0.2333333333333328,-3.859034203301803e-10,-0.0,-0.0,-0.0
0.23437499999999947,-3.260627601253674e-10,-0.0,-0.0,-0.0
0.23541666666666614,-4.4325088044416816e-10,-0.0,-0.0,-0.0
0.2364583333333328,-3.7740380265383067e-10,-0.0,-0.0,-0.0
0.23749999999999946,-4.869886160996373e-10,-0.0,-0.0,-0.0
0.23854166666666612,-4.1317207988278426e-10,-0.0,-0.0,-0.0
0.2395833333333328,-5.152818172149409e-10,-0.0,-0.0,-0.0
0.24062499999999945,-4.3461850784964895e-10,-0.0,-0.0,-0.0
0.2416666666666661,-5.295492377932476e-10,-0.0,-0.0,-0.0
0.24270833333333278,-4.403233611061097e-10,-0.0,-0.0,-0.0
0.24374999999999944,-5.263435243207937e-10,-0.0,-0.0,-0.0
0.2447916666666661,-4.293064514993006e-10,-0.0,-0.0,-0.0
0.24583333333333277,-5.080285081504599e-10,-0.0,-0.0,-0.0
0.24687499999999943,-4.0387324040658257e-10,-0.0,-0.0,-0.0
0.2479166666666661,-4.756970928276871e-10,-0.0,-0.0,-0.0
0.24895833333333275,-3.645785617845121e-10,-0.0,-0.0,-0.0
0.24999999999999942,-4.3004447225492015e-10,-0.0,-0.0,-0.0
0.2510416666666661,-3.118611202612698e-10,-0.0,-0.0,-0.0
0.25208333333333277,-3.698388539863373e-10,-0.0,-0.0,-0.0
0.25312499999999943,-2.4532154085932234e-10,-0.0,-0.0,-0.0
0.2541666666666661,-2.9852437188893077e-10,-0.0,-0.0,-0.0
0.25520833333333276,-1.7040023558845263e-10,-0.0,-0.0,-0.0
0.2562499999999994,-2.1984597475821488e-10,-0.0,-0.0,-0.0
0.2572916666666661,-8.734791362430272e-11,-0.0,-0.0,-0.0
0.25833333333333275,-1.3184661695753164e-10,-0.0,-0.0,-0.0
0.2593749999999994,4.441025672208276e-12,-0.0,-0.0,-0.0
0.2604166666666661,-1.231630492037894e-10,-0.0,-0.0,-0.0
0.26145833333333274,-7.183299094437601e-11,-0.0,-0.0,-0.0
0.2624999999999994,-1.9848059307214783e-10,-0.0,-0.0,-0.0
0.26354166666666606,-1.4461719322067523e-10,-0.0,-0.0,-0.0
0.2645833333333327,-2.690234979230155e-10,-0.0,-0.0,-0.0
0.2656249999999994,-2.1174592634842782e-10,-0.0,-0.0,-0.0
0.26666666666666605,-3.315948904347721e-10,-0.0,-0.0,-0.0
0.2677083333333327,-2.6881616377316675e-10,-0.0,-0.0,-0.0
0.2687499999999994,-3.828218020363039e-10,-0.0,-0.0,-0.0
0.26979166666666604,-3.1491670382521875e-10,-0.0,-0.0,-0.0
0.2708333333333327,-4.229867012206512e-10,-0.0,-0.0,-0.0
0.27187499999999937,-3.473816789778539e-10,-0.0,-0.0,-0.0
0.27291666666666603,-4.4783729502562153e-10,-0.0,-0.0,-0.0
0.2739583333333327,-3.6579592133101357e-10,-0.0,-0.0,-0.0
0.27499999999999936,-4.6029424716209633e-10,-0.0,-0.0,-0.0
0.276041666666666,-3.708876816777007e-10,-0.0,-0.0,-0.0
0.2770833333333327,-4.5728409947543014e-10,-0.0,-0.0,-0.0
0.27812499999999934,-3.6009684123428087e-10,-0.0,-0.0,-0.0
0.279166666666666,-4.387348262469004e-10,-0.0,-0.0,-0.0
0.28020833333333267,-3.3481264982704317e-10,-0.0,-0.0,-0.0
0.28124999999999933,-4.0757155983506266e-10,-0.0,-0.0,-0.0
0.282291666666666,-2.969045842515783e-10,-0.0,-0.0,-0.0
0.28333333333333266,-3.624975319915791e-10,-0.0,-0.0,-0.0
0.2843749999999993,-2.455941006118678e-10,-0.0,-0.0,-0.0
0.285416666666666,-3.0462171674017213e-10,-0.0,-0.0,-0.0
0.28645833333333265,-1.8062067119739567e-10,-0.0,-0.0,-0.0
0.2874999999999993,-2.337467441826391e-10,-0.0,-0.0,-0.0
0.288541666666666,-1.0561129748509757e-10,-0.0,-0.0,-0.0
0.28958333333333264,-1.5577759915341716e-10,-0.0,-0.0,-0.0
0.2906249999999993,-2.4819849300805608e-11,-0.0,-0.0,-0.0
0.29166666666666596,-7.143486496774543e-11,-0.0,-0.0,-0.0
0.2927083333333326,6.286103582109348e-11,-0.0,-0.0,-0.0
0.2937499999999993,1.7873143937086056e-11,-0.0,-0.0,-0.0
0.29479166666666595,1.5306712841667292e-10,-0.0,-0.0,-0.0
0.2958333333333326,2.3469686263877243e-11,-0.0,-0.0,-0.0
0.2968749999999993,7.103240912131881e-11,-0.0,-0.0,-0.0
0.29791666666666594,-6.034980848390603e-11,-0.0,-0.0,-0.0
0.2989583333333326,-1.1399701495273806e-11,-0.0,-0.0,-0.0
0.29999999999999927,-1.4074059973001596e-10,-0.0,-0.0,-0.0
0.30104166666666593,-8.938388224022376e-11,-0.0,-0.0,-0.0
0.3020833333333326,-2.1537518990477622e-10,-0.0,-0.0,-0.0
0.30312499999999926,-1.6008455672178457e-10,-0.0,-0.0,-0.0
0.3041666666666659,-2.8221841530395864e-10,-0.0,-0.0,-0.0
0.3052083333333326,-2.226704376440125e-10,-0.0,-0.0,-0.0
0.30624999999999925,-3.3934333121266036e-10,-0.0,-0.0,-0.0
0.3072916666666659,-2.7327104468177765e-10,-0.0,-0.0,-0.0
0.30833333333333257,-3.836234940823857e-10,-0.0,-0.0,-0.0
0.30937499999999923,-3.1174601788919176e-10,-0.0,-0.0,-0.0
0.3104166666666659,-4.164595057698506e-10,-0.0,-0.0,-0.0
0.31145833333333256,-3.3784749997600727e-10,-0.0,-0.0,-0.0
0.3124999999999992,-4.3548584183206174e-10,-0.0,-0.0,-0.0
0.3135416666666659,-3.507584500628269e-10,-0.0,-0.0,-0.0
0.31458333333333255,-4.426562172366033e-10,-0.0,-0.0,-0.0
0.3156249999999992,-3.510516599636304e-10,-0.0,-0.0,-0.0
0.3166666666666659,-4.3645531633274004e-10,-0.0,-0.0,-0.0
0.31770833333333254,-3.393833547526981e-10,-0.0,-0.0,-0.0
0.3187499999999992,-4.189696090062256e-10,-0.0,-0.0,-0.0
0.31979166666666586,-3.1515964837858235e-10,-0.0,-0.0,-0.0
0.3208333333333325,-3.88294618680618e-10,-0.0,-0.0,-0.0
0.3218749999999992,-2.7883303999054476e-10,-0.0,-0.0,-0.0
0.32291666666666585,-3.458086039742625e-10,-0.0,-0.0,-0.0
0.3239583333333325,-2.30574837001285e-10,-0.0,-0.0,-0.0
0.3249999999999992,-2.911913488112816e-10,-0.0,-0.0,-0.0
0.32604166666666584,-1.6908434374851566e-10,-0.0,-0.0,-0.0
0.3270833333333325,-2.2398470578277596e-10,-0.0,-0.0,-0.0
0.32812499999999917,-9.752620239167342e-11,-0.0,-0.0,-0.0
0.32916666666666583,-1.4867237996263327e-10,-0.0,-0.0,-0.0
0.3302083333333325,-1.7938959345764616e-11,-0.0,-0.0,-0.0
0.33124999999999916,-6.583485145927881e-11,-0.0,-0.0,-0.0
0.3322916666666658,6.703774341199065e-11,-0.0,-0.0,-0.0
0.3333333333333325,2.1500069086188844e-11,-0.0,-0.0,-0.0
0.33437499999999915,1.5606677061796859e-10,-0.0,-0.0,-0.0
0.3354166666666658,2.7093263396671396e-11,-0.0,-0.0,-0.0
0.33645833333333247,7.60399312960125e-11,-0.0,-0.0,-0.0
0.33749999999999913,-5.369978073321846e-11,-0.0,-0.0,-0.0
0.3385416666666658,-2.823706763202538e-12,-0.0,-0.0,-0.0
0.33958333333333246,-1.2868503485030658e-10,-0.0,-0.0,-0.0
0.3406249999999991,-7.259741419129995e-11,-0.0,-0.0,-0.0
0.3416666666666658,-1.9383683547147257e-10,-0.0,-0.0,-0.0
0.34270833333333245,-1.3342411897543371e-10,-0.0,-0.0,-0.0
0.3437499999999991,-0.002688006032258272,-0.0016517274780198932,4.7989105951273814e-05,0.002309332136064768
0.3447916666666658,-0.00457053491845727,-0.0019399034790694714,8.924555004341528e-05,0.0035020930226892233
0.34583333333333244,-0.005714584141969681,-0.0018430338241159916,9.049360960489139e-05,0.0045303525403141975
0.3468749999999991,-0.006264095194637775,-0.0017526078736409545,8.936906669987366e-05,0.005144863855093718
0.34791666666666576,-0.006527377292513847,-0.0017065226566046476,8.794316090643406e-05,0.005440722219645977
0.3489583333333324,-0.006653306540101767,-0.0016866956138983369,8.97663485375233e-05,0.005580518394708633
0.3499999999999991,-0.006713131442666054,-0.0016741369618102908,9.007051994558424e-05,0.0056507098488509655
0.35104166666666575,-0.006741304416209459,-0.0016744663007557392,9.195936581818387e-05,0.005684807430952787
0.3520833333333324,-0.006754054222255945,-0.0016691404161974788,9.211967699229717e-05,0.005705487448722124
0.3531249999999991,-0.006759705021977425,-0.0016688249306753278,9.232091542799026e-05,0.005715398583561182
0.35416666666666574,-0.006813591346144676,-0.001693625352345407,8.823155076242983e-05,0.005653758533298969
0.3552083333333324,-0.006920936983078718,-0.0017525043804198503,9.246193076251075e-05,0.005571152549237013
0.35624999999999907,-0.006973267067223787,-0.0017506686272099614,9.243747626896948e-05,0.005525963380932808
0.35729166666666573,-0.0069982740096747875,-0.0017445071134716272,9.294847404817119e-05,0.005493648815900087
0.3583333333333324,-0.007009756285697222,-0.0017429474974051118,9.375395165989175e-05,0.005468091461807489
0.35937499999999906,-0.00701491441577673,-0.0017382025253027678,9.407408651895821e-05,0.005445521790534258
0.3604166666666657,-0.007016777526587248,-0.0017361199716106057,9.397623216500506e-05,0.0054246303625404835
0.3614583333333324,-0.00701706251129508,-0.0017393814632669091,9.445989417145029e-05,0.005406225100159645
0.36249999999999905,-0.007016812916845083,-0.0017366583924740553,9.410560596734285e-05,0.005386160220950842
0.3635416666666657,-0.007016040850430727,-0.0017374847084283829,9.437962580705062e-05,0.005366961937397718
0.36458333333333237,-0.007015075068920851,-0.0017374067101627588,9.45649080676958e-05,0.00534762954339385
0.36562499999999903,-0.007014079485088587,-0.0017381025245413184,9.530439274385571e-05,0.005328187718987465
0.3666666666666657,-0.007013053633272648,-0.0017378818010911345,9.557184239383787e-05,0.005309891887009144
0.36770833333333236,-0.007011962588876486,-0.0017389472341164947,9.517142461845651e-05,0.005290123168379068
0.368749999999999,-0.007010933477431536,-0.0017388600390404463,9.523258631816134e-05,0.00527239078655839
0.3697916666666657,-0.007009877357631922,-0.0017388698179274797,9.579134348314255e-05,0.005252209957689047
0.37083333333333235,-0.007008914370089769,-0.0017380868084728718,9.610009146854281e-05,0.00523489760234952
0.371874999999999,-0.007007808890193701,-0.0017387999687343836,9.675257751950994e-05,0.005214869976043701
0.3729166666666657,-0.00700681796297431,-0.0017407611012458801,9.785914153326303e-05,0.005196927115321159
0.37395833333333234,-0.007005871739238501,-0.0017381173092871904,9.77020463324152e-05,0.005177397280931473
0.374999999999999,-0.007004850544035435,-0.0017385403625667095,9.783829591469839e-05,0.005160135217010975
0.37604166666666566,-0.00700383260846138,-0.001739376108162105,9.790295007405803e-05,0.0051397839561104774
0.3770833333333323,-0.007002789061516523,-0.001739748753607273,9.82259152806364e-05,0.0051224189810454845
0.378124999999999,-0.007001861464232206,-0.0017398979980498552,9.79555188678205e-05,0.005102483555674553
0.37916666666666565,-0.007000904995948076,-0.0017394790193066,9.810669143917039e-05,0.0050857593305408955
0.3802083333333323,-0.0069999429397284985,-0.0017390688881278038,9.748521551955491e-05,0.005067004356533289
0.381249999999999,-0.006999026983976364,-0.0017401245422661304,9.710071753943339e-05,0.005048992112278938
0.38229166666666564,-0.006998044904321432,-0.0017400498036295176,9.710463928058743e-05,0.005030923988670111
0.3833333333333323,-0.006997061427682638,-0.001739955972880125,9.716860222397372e-05,0.0050119864754378796
0.38437499999999897,-0.00699614780023694,-0.0017412271117791533,9.810191841097549e-05,0.004994632676243782
0.38541666666666563,-0.006995340343564749,-0.0017413310706615448,9.767857409315184e-05,0.004975310061126947
0.3864583333333323,-0.006994367111474276,-0.001738712307997048,9.784765279619023e-05,0.00495702913030982
0.38749999999999896,-0.006993429269641638,-0.0017407709965482354,9.866501204669476e-05,0.0049389926716685295
0.3885416666666656,-0.0069925254210829735,-0.0017413368914276361,9.858607518253848e-05,0.004919946659356356
0.3895833333333323,-0.006991594098508358,-0.001740874839015305,9.822306310525164e-05,0.0049028294160962105
0.39062499999999895,-0.006990795023739338,-0.001741337706334889,9.873942326521501e-05,0.0048831552267074585
0.3916666666666656,-0.006989938206970692,-0.0017401984659954906,9.835915261646733e-05,0.004864702001214027
0.39270833333333227,-0.006989126093685627,-0.0017399807693436742,9.921529999701306e-05,0.004847233183681965
0.39374999999999893,-0.006988245062530041,-0.001740172621794045,9.917390707414597e-05,0.004828634671866894
0.3947916666666656,-0.006987395230680704,-0.0017404656391590834,9.951448009815067e-05,0.004809397738426924
0.39583333333333226,-0.0069865016266703606,-0.0017417084891349077,9.973582928068936e-05,0.004792752210050821
0.3968749999999989,-0.006985686719417572,-0.0017427087295800447,9.981488983612508e-05,0.004776208195835352
0.3979166666666656,-0.006984827108681202,-0.0017417160561308265,9.985156066250056e-05,0.004757148213684559
0.39895833333333225,-0.006984039209783077,-0.0017416771734133363,9.979402966564521e-05,0.004739081487059593
0.3999999999999989,-0.006983185652643442,-0.0017424066318199039,9.9780379969161e-05,0.0047224401496350765
0.4010416666666656,-0.006982340011745691,-0.0017415666952729225,0.00010044171358458698,0.004704004153609276
0.40208333333333224,-0.006981545593589544,-0.0017448269063606858,0.00010070558346342295,0.004684737417846918
0.4031249999999989,-0.006980782840400934,-0.0017405416583642364,0.0001008469334919937,0.00466696685180068
0.40416666666666556,-0.00697996886447072,-0.0017438513459637761,0.00010162111721001565,0.0046498714946210384
0.4052083333333322,-0.006979111582040787,-0.0017412124434486032,0.00010129190923180431,0.004634381737560034
0.4062499999999989,-0.006978286430239677,-0.0017436889465898275,0.00010072087752632797,0.0046153259463608265
0.40729166666666555,-0.006977541837841272,-0.0017418998759239912,0.00010103782551595941,0.0045970408245921135
0.4083333333333322,-0.006976766511797905,-0.0017433526227250695,0.00010144662519451231,0.004580204840749502
0.4093749999999989,-0.006975969765335321,-0.001740703359246254,0.0001012878492474556,0.004565111827105284
0.41041666666666554,-0.006975114345550537,-0.0017425818368792534,0.00010173337796004489,0.004548894707113504
0.4114583333333322,-0.0069743674248456955,-0.0017428023274987936,0.00010133904288522899,0.004531145561486483
0.41249999999999887,-0.006973657291382551,-0.001739265164360404,0.0001008432955131866,0.004512706771492958
0.41354166666666553,-0.0069727771915495396,-0.0017430518055334687,0.0001007389510050416,0.004495501518249512
0.4145833333333322,-0.006972041912376881,-0.0017404716927558184,0.00010095900506712496,0.004478007555007935
0.41562499999999886,-0.006971279624849558,-0.0017408909043297172,0.00010096298501593992,0.004462392069399357
0.4166666666666655,-0.006970526184886694,-0.0017408584244549274,0.00010146274144062772,0.0044474732130765915
0.4177083333333322,-0.0069697098806500435,-0.0017409760039299726,0.00010180217941524461,0.004432327579706907
0.41874999999999885,-0.006968961097300053,-0.001739339902997017,0.00010170847235713154,0.004417225252836943
0.4197916666666655,-0.006968245841562748,-0.0017396591138094664,0.00010114070755662397,0.004400116857141256
0.42083333333333217,-0.00696743605658412,-0.00173855759203434,0.00010111316805705428,0.0043817986734211445
0.42187499999999883,-0.006966792047023773,-0.0017379415221512318,0.00010050252603832632,0.0043628280982375145
0.4229166666666655,-0.00696599530056119,-0.0017387453699484468,0.00010083757661050186,0.0043436624109745026
0.42395833333333216,-0.006965192034840584,-0.0017364375526085496,0.00010125437256647274,0.0043254815973341465
0.4249999999999988,-0.006964451167732477,-0.0017373444279655814,0.00010126254346687347,0.004308199044317007
0.4260416666666655,-0.006963750347495079,-0.0017344451043754816,0.00010128400754183531,0.004290665499866009
0.42708333333333215,-0.006962979212403297,-0.0017349839909002185,0.00010196809307672083,0.004272990860044956
0.4281249999999988,-0.006962211336940527,-0.0017342454520985484,0.00010177465446759015,0.004256358835846186
0.4291666666666655,-0.006961478851735592,-0.0017340254271402955,0.00010229420877294615,0.004239754751324654
0.43020833333333214,-0.006960806902498007,-0.0017328861868008971,0.00010210173059022054,0.004223502706736326
0.4312499999999988,-0.006960056722164154,-0.0017326346132904291,0.00010198305972153321,0.004207455553114414
0.43229166666666546,-0.006959288846701384,-0.0017336229793727398,0.00010317390115233138,0.004190388135612011
0.4333333333333321,-0.006958625745028257,-0.0017293322598561645,0.00010246520105283707,0.004173249937593937
0.4343749999999988,-0.006957848556339741,-0.0017311753472313285,0.00010267255856888369,0.004155446775257587
0.43541666666666545,-0.00695717753842473,-0.001730634132400155,0.00010242913413094357,0.0041379379108548164
0.4364583333333321,-0.006956462748348713,-0.0017299237661063671,0.00010222446144325659,0.004120520781725645
0.4374999999999988,-0.006955645512789488,-0.0017287646187469363,0.00010089994611917064,0.004102594684809446
0.43854166666666544,-0.006954972166568041,-0.0017287067603319883,0.00010062530054710805,0.004085528664290905
0.4395833333333321,-0.006954210344702005,-0.0017287953523918986,0.00010006061347667128,0.004070575814694166
0.44062499999999877,-0.0069534736685454845,-0.0017291721887886524,9.910634253174067e-05,0.0040562753565609455
0.44166666666666543,-0.006952707655727863,-0.0017270975513383746,9.903537284117192e-05,0.00404110224917531
0.4427083333333321,-0.006951988209038973,-0.0017278300365433097,9.880663128569722e-05,0.004026250448077917
0.44374999999999876,-0.006951304618269205,-0.0017254544654861093,9.867034532362595e-05,0.00401165010407567
0.4447916666666654,-0.0069505153223872185,-0.0017274637939408422,9.870255598798394e-05,0.003995571751147509
0.4458333333333321,-0.006949859205633402,-0.001724878791719675,9.78696407401003e-05,0.003978999797254801
0.44687499999999875,-0.006949162110686302,-0.0017253697151318192,9.76212540990673e-05,0.003961274400353432
0.4479166666666654,-0.006948334164917469,-0.0017225699266418815,9.687896817922592e-05,0.003945890814065933
0.44895833333333207,-0.006947699002921581,-0.001721230917610228,9.722548566060141e-05,0.003931277431547642
0.44999999999999873,-0.006946879904717207,-0.0017230139346793294,9.903091995511204e-05,0.003917102701961994
0.4510416666666654,-0.006946220062673092,-0.0017189872451126575,9.853980736806989e-05,0.0039015994407236576
0.45208333333333206,-0.006945434492081404,-0.0017210830701515079,9.859046986093745e-05,0.0038833427242934704
0.4531249999999987,-0.006944769993424416,-0.0017205403419211507,9.903821046464145e-05,0.003867914667353034
0.4541666666666654,-0.006943976040929556,-0.001718092244118452,9.875278919935226e-05,0.0038539671804755926
0.45520833333333205,-0.0069431765004992485,-0.0017195413820445538,9.920161392074078e-05,0.00383854191750288
0.4562499999999987,-0.006942495238035917,-0.001718306913971901,9.868466440821066e-05,0.0038222488947212696
0.4572916666666654,-0.006941729690879583,-0.0017187438206747174,9.805444278754294e-05,0.00380657403729856
0.45833333333333204,-0.006940928753465414,-0.0017167910700663924,9.807864989852533e-05,0.0037919427268207073
0.4593749999999987,-0.0069402181543409824,-0.0017158793052658439,9.740944369696081e-05,0.003778378013521433
0.46041666666666536,-0.006939409300684929,-0.0017170320497825742,9.768886229721829e-05,0.0037609573919326067
0.461458333333332,-0.00693877600133419,-0.0017133201472461224,9.753053745953366e-05,0.0037456126883625984
0.4624999999999987,-0.006937941536307335,-0.0017132596112787724,9.754283382790163e-05,0.003732065437361598
0.46354166666666535,-0.006937186233699322,-0.0017119356198236346,9.710539598017931e-05,0.003715930273756385
0.464583333333332,-0.006936413701623678,-0.0017119758995249867,9.708832658361644e-05,0.003701423527672887
0.4656249999999987,-0.0069356863386929035,-0.0017109063919633627,9.731777390697971e-05,0.003687144722789526
0.46666666666666534,-0.00693488959223032,-0.001709408825263381,9.7721851489041e-05,0.003672586753964424
0.467708333333332,-0.0069341701455414295,-0.0017085442086681724,9.800009138416499e-05,0.0036572034005075693
0.46874999999999867,-0.006933360826224089,-0.001708826282992959,9.911633242154494e-05,0.003641513641923666
0.46979166666666533,-0.006932517979294062,-0.0017073624767363071,9.966406651074067e-05,0.0036258262116461992
0.470833333333332,-0.006931805983185768,-0.0017066042637452483,9.929799125529826e-05,0.0036112102679908276
0.47187499999999866,-0.006931047420948744,-0.0017051160102710128,0.00010023372306022793,0.0035956420470029116
0.4729166666666653,-0.006930189672857523,-0.0017034453339874744,0.00010102706437464803,0.00358049594797194
0.473958333333332,-0.006929384078830481,-0.0017021272797137499,0.00010174447379540652,0.003565714694559574
0.47499999999999865,-0.006928556598722935,-0.0017003556713461876,0.0001021887655952014,0.003550807246938348
0.4760416666666653,-0.0069277589209377766,-0.001698760432191193,0.00010257866233587265,0.003536718897521496
0.47708333333333197,-0.006926977075636387,-0.0016970452852547169,0.000102478705230169,0.003521399339661002
0.47812499999999863,-0.006926089990884066,-0.0016952260630205274,0.00010295783431502059,0.0035067484714090824
0.4791666666666653,-0.006925350520759821,-0.0016935861203819513,0.00010291897342540324,0.003492045449092984
0.48020833333333196,-0.006924481596797705,-0.001691568410024047,0.0001024314115056768,0.003476564772427082
0.4812499999999986,-0.006923691835254431,-0.001689608790911734,0.00010249918705085292,0.003461527405306697
0.4822916666666653,-0.006922870874404907,-0.0016871389234438539,0.00010232741624349728,0.0034472686238586903
0.48333333333333195,-0.006921977270394564,-0.001684962771832943,0.00010259291593683884,0.0034330186899751425
0.4843749999999986,-0.006921048276126385,-0.0016830040840432048,0.00010279216803610325,0.0034196372143924236
0.4854166666666653,-0.006920289248228073,-0.001680468674749136,0.00010258916881866753,0.0034048587549477816
0.48645833333333194,-0.006919430568814278,-0.0016785485204309225,0.00010286158794770017,0.003390680067241192
0.4874999999999986,-0.006918488536030054,-0.0016762810992076993,0.00010368569201091304,0.003375967498868704
0.48854166666666526,-0.006917646620422602,-0.0016736480174586177,0.00010334327816963196,0.0033609112724661827
0.4895833333333319,-0.0069167232140898705,-0.0016710290219634771,0.00010264292359352112,0.0033465854357928038
0.4906249999999986,-0.0069157425314188,-0.0016694508958607912,0.00010287042096024379,0.003332412103191018
0.49166666666666525,-0.006914911326020956,-0.0016671008197590709,0.00010317559645045549,0.003318190574645996
0.4927083333333319,-0.006913968361914158,-0.0016642514383420348,0.00010247011960018426,0.003304014215245843
0.4937499999999986,-0.006912978831678629,-0.0016620793612673879,0.00010195474897045642,0.0032905437983572483
0.49479166666666524,-0.006912859622389078,-0.001681712456047535,9.241006046067923e-05,0.0032692167442291975
0.4958333333333319,-0.006912963930517435,-0.0017064320854842663,7.970449223648757e-05,0.0032520857639610767
0.49687499999999857,-0.00691236462444067,-0.0017289225943386555,7.712561637163162e-05,0.0032361517660319805
0.49791666666666523,-0.006910982076078653,-0.0017494909698143601,7.812789408490062e-05,0.003223399631679058
0.4989583333333319,-0.0069099548272788525,-0.0017518486129119992,7.721713336650282e-05,0.0032097541261464357
0.49999999999999856,-0.006909331306815147,-0.001742921187542379,7.666183228138834e-05,0.0031964280642569065
0.5010416666666653,-0.006908507086336613,-0.0017448646249249578,7.695778913330287e-05,0.003181765554472804
0.502083333333332,-0.006907687056809664,-0.0017454136395826936,7.670280319871381e-05,0.003168681636452675
0.5031249999999987,-0.006906843278557062,-0.001746933558024466,7.666508463444188e-05,0.0031561225187033415
0.5041666666666654,-0.006905998103320599,-0.0017477349610999227,7.680068665649742e-05,0.003141868393868208
0.5052083333333321,-0.006905094254761934,-0.0017490473110228777,7.68575700931251e-05,0.0031285651493817568
0.5062499999999989,-0.006904108915477991,-0.0017499909736216068,7.674958760617301e-05,0.003115828847512603
0.5072916666666656,-0.006903207395225763,-0.00175075838342309,7.595241913804784e-05,0.0031017183791846037
0.5083333333333323,-0.006902304477989674,-0.0017519673565402627,7.61310220696032e-05,0.003087749471887946
0.509374999999999,-0.006901327986270189,-0.0017546421149745584,7.59823524276726e-05,0.003074487205594778
0.5104166666666657,-0.006900328677147627,-0.0017543828580528498,7.586745050502941e-05,0.0030617411248385906
0.5114583333333325,-0.0068995151668787,-0.0017559517873451114,7.60932089178823e-05,0.0030486825853586197
0.5124999999999992,-0.00689847394824028,-0.0017568449256941676,7.55683213355951e-05,0.003036431735381484
0.5135416666666659,-0.006897477898746729,-0.0017586750909686089,7.48724487493746e-05,0.003023606725037098
0.5145833333333326,-0.006896448787301779,-0.0017584067536517978,7.421454938594252e-05,0.003011000342667103
0.5156249999999993,-0.006895476020872593,-0.0017602276057004929,7.429755351040512e-05,0.002998959505930543
0.516666666666666,-0.006894412916153669,-0.0017614536918699741,7.427005039062351e-05,0.0029855400789529085
0.5177083333333328,-0.006893454119563103,-0.0017616123659536242,7.452422141795978e-05,0.0029733232222497463
0.5187499999999995,-0.006892418023198843,-0.001762649044394493,7.477698818547651e-05,0.0029610078781843185
0.5197916666666662,-0.006891393568366766,-0.0017631679074838758,7.524775719502941e-05,0.0029499854426831007
0.5208333333333329,-0.006890293676406145,-0.001764975255355239,7.569233275717124e-05,0.0029366756789386272
0.5218749999999996,-0.0068892608396708965,-0.0017639915458858013,7.546149572590366e-05,0.002923602005466819
0.5229166666666664,-0.006888177711516619,-0.0017661460442468524,7.614480273332447e-05,0.002910550218075514
0.5239583333333331,-0.006887145806103945,-0.0017659080913290381,7.637980161234736e-05,0.0028993317391723394
0.5249999999999998,-0.0068860528990626335,-0.0017664860934019089,7.721565634710714e-05,0.0028882150072604418
0.5260416666666665,-0.006884967442601919,-0.0017675618873909116,7.78411776991561e-05,0.0028744584415107965
0.5270833333333332,-0.006883813533931971,-0.0017675618873909116,7.80061018303968e-05,0.002862540539354086
0.528125,-0.006882765330374241,-0.001768866553902626,7.847171946195886e-05,0.0028489697724580765
0.5291666666666667,-0.00688165845349431,-0.0017686682986095548,7.932342850835994e-05,0.002835861872881651
0.5302083333333334,-0.006880426779389381,-0.0017706971848383546,7.939940405776724e-05,0.0028248396702110767
0.5312500000000001,-0.0068792542442679405,-0.0017713980050757527,8.024441922316328e-05,0.0028141711372882128
0.5322916666666668,-0.006878044456243515,-0.0017708210507407784,8.045908907661214e-05,0.002801706548780203
0.5333333333333335,-0.006876918487250805,-0.0017721153562888503,8.086614980129525e-05,0.002789634745568037
0.5343750000000003,-0.006875764578580856,-0.0017720060423016548,8.02616705186665e-05,0.0027772518806159496
0.535416666666667,-0.006874480750411749,-0.001772419665940106,8.044880087254569e-05,0.002764774952083826
0.5364583333333337,-0.006873341277241707,-0.0017733065178617835,8.12630751170218e-05,0.002752607688307762
0.5375000000000004,-0.006872059777379036,-0.0017741341143846512,8.202616299968213e-05,0.002740609459578991
0.5385416666666671,-0.006870766635984182,-0.0017756327288225293,8.266009535873309e-05,0.0027283797971904278
0.5395833333333339,-0.006869560573250055,-0.0017759449547156692,8.287491073133424e-05,0.002717026975005865
0.5406250000000006,-0.006868370808660984,-0.0017757304012775421,8.405413245782256e-05,0.0027049898635596037
0.5416666666666673,-0.006867056246846914,-0.0017769414698705077,8.453413465758786e-05,0.00269374530762434
0.542708333333334,-0.006865719798952341,-0.001776937278918922,8.522451389580965e-05,0.002681971061974764
0.5437500000000007,-0.006864404771476984,-0.0017783367075026035,8.617621642770246e-05,0.0026703497860580683
0.5447916666666675,-0.006863064598292112,-0.001778522040694952,8.657708531245589e-05,0.0026590859051793814
0.5458333333333342,-0.006861773785203695,-0.001779541838914156,8.670723036630079e-05,0.002647896995767951
0.5468750000000009,-0.006860417313873768,-0.0017791244899854064,8.725492807570845e-05,0.002635779557749629
0.5479166666666676,-0.006859061308205128,-0.0017795844469219446,8.764403173699975e-05,0.0026244805194437504
0.5489583333333343,-0.006857689470052719,-0.0017805334646254778,8.852964674588293e-05,0.0026130960322916508
0.550000000000001,-0.006856304593384266,-0.0017811806173995137,8.913186320569366e-05,0.0026021304074674845
0.5510416666666678,-0.006854863837361336,-0.0017816260224208236,8.963125583250076e-05,0.002590436954051256
0.5520833333333345,-0.006853484082967043,-0.0017820741049945354,8.98782309377566e-05,0.002577830571681261
0.5531250000000012,-0.0068520293571054935,-0.0017822051886469126,8.963964501162991e-05,0.0025653368793427944
0.5541666666666679,-0.0068505508825182915,-0.001783447340130806,8.917208469938487e-05,0.002552853897213936
0.5552083333333346,-0.006849061232060194,-0.0017838666681200266,8.897274528862908e-05,0.0025419574230909348
0.5562500000000014,-0.0068475790321826935,-0.00178375537507236,8.921276457840577e-05,0.002530805068090558
0.5572916666666681,-0.00684607308357954,-0.0017854137113317847,9.013074304675683e-05,0.0025203528348356485
0.5583333333333348,-0.006844524294137955,-0.0017858156934380531,9.063574543688446e-05,0.0025114293675869703
0.5593750000000015,-0.006842969451099634,-0.0017861874075606465,9.073536784853786e-05,0.0025014474522322416
0.5604166666666682,-0.006841449066996574,-0.00178694783244282,9.040002623805776e-05,0.0024899793788790703
0.561458333333335,-0.006839848589152098,-0.001787151675671339,9.03593172552064e-05,0.002478367183357477
0.5625000000000017,-0.0068382578901946545,-0.0017880970844998956,8.996263204608113e-05,0.002466615056619048
0.5635416666666684,-0.00683667603880167,-0.0017879647202789783,8.994734525913373e-05,0.002456185407936573
0.5645833333333351,-0.006835071835666895,-0.001789243659004569,9.032190428115427e-05,0.0024475925602018833
0.5656250000000018,-0.006833441089838743,-0.0017896897625178099,9.031552326632664e-05,0.002437810879200697
0.5666666666666685,-0.006831776816397905,-0.0017907097935676575,9.06643908820115e-05,0.0024264773819595575
0.5677083333333353,-0.006830132100731134,-0.0017916493816301227,9.021678124554455e-05,0.002415274502709508
0.568750000000002,-0.006828401703387499,-0.0017927929293364286,9.118616435443982e-05,0.0024069908540695906
0.5697916666666687,-0.006826648488640785,-0.0017922244733199477,9.114253771258518e-05,0.0023978317622095346
0.5708333333333354,-0.006824913900345564,-0.0017937002703547478,9.109954407904297e-05,0.002386990003287792
0.5718750000000021,-0.006823314353823662,-0.001794073497876525,9.138590394286439e-05,0.002375938929617405
0.5729166666666689,-0.006821468006819487,-0.0017944792052730918,9.285118721891195e-05,0.0023678026627749205
0.5739583333333356,-0.006819611415266991,-0.001796302618458867,9.342998964712024e-05,0.002358146710321307
0.5750000000000023,-0.006817792542278767,-0.0017960056429728866,9.369786857860163e-05,0.002347370143979788
0.576041666666669,-0.006815999746322632,-0.001796427764929831,9.433617378817871e-05,0.0023399051278829575
0.5770833333333357,-0.006814196240156889,-0.0017968619940802455,9.526189387543127e-05,0.002330578863620758
0.5781250000000024,-0.006812179461121559,-0.0017977276584133506,9.552465780870989e-05,0.002319985767826438
0.5791666666666692,-0.006810293532907963,-0.001798573648557067,9.66946390690282e-05,0.002312141004949808
0.5802083333333359,-0.0068083880469202995,-0.0017982741119340062,9.652188600739464e-05,0.002302661072462797
0.5812500000000026,-0.006806512828916311,-0.0017992299981415272,9.721967217046767e-05,0.002291694050654769
0.5822916666666693,-0.006804483477026224,-0.001799355261027813,9.718240471556783e-05,0.0022835247218608856
0.583333333333336,-0.006802528165280819,-0.0018001613207161427,9.762869740370661e-05,0.002272076439112425
0.5843750000000028,-0.00680049043148756,-0.0018006990430876613,9.821882849792019e-05,0.0022641702089458704
0.5854166666666695,-0.006798484828323126,-0.0018018404953181744,9.885439067147672e-05,0.002254747087135911
0.5864583333333362,-0.006796358618885279,-0.0018019011477008462,9.922842582454905e-05,0.0022456790320575237
0.5875000000000029,-0.006794323213398457,-0.0018021938158199191,9.975992725230753e-05,0.0022365774493664503
0.5885416666666696,-0.00679225567728281,-0.00180271384306252,9.992807463277131e-05,0.002225643489509821
0.5895833333333363,-0.00679008848965168,-0.0018031650688499212,9.992522245738655e-05,0.002216901397332549
0.5906250000000031,-0.006787935737520456,-0.0018036141991615295,0.00010007798846345395,0.0022060114424675703
0.5916666666666698,-0.006785777863115072,-0.0018028910271823406,0.00010027569078374654,0.002197835361585021
0.5927083333333365,-0.006783587858080864,-0.001803840626962483,0.00010099486826220527,0.0021872236393392086
0.5937500000000032,-0.006781545002013445,-0.00180366775020957,0.00010134595504496247,0.002179874340072274
0.5947916666666699,-0.006779180373996496,-0.0018037020927295089,0.00010112917516380548,0.0021679571364074945
0.5958333333333367,-0.006776938680559397,-0.0018053542589768767,0.0001018111506709829,0.0021603223867714405
0.5968750000000034,-0.006774540524929762,-0.0018039701972156763,0.0001022203650791198,0.0021492349915206432
0.5979166666666701,-0.006772245280444622,-0.0018038381822407246,0.00010270397615386173,0.002140719210729003
0.5989583333333368,-0.006769858300685883,-0.0018040721770375967,0.00010345873306505382,0.0021314099431037903
0.6000000000000035,-0.006767524406313896,-0.0018048660131171346,0.00010393251432105899,0.0021225435193628073
0.6010416666666702,-0.0067650675773620605,-0.001804162166081369,0.00010475363524165004,0.0021148412488400936
0.602083333333337,-0.006762679200619459,-0.001804681378416717,0.00010484206723049283,0.002104136859998107
0.6031250000000037,-0.006760182790458202,-0.0018048693891614676,0.00010535879118833691,0.002095541451126337
0.6041666666666704,-0.006757748778909445,-0.0018044780008494854,0.00010629707685438916,0.0020884356927126646
0.6052083333333371,-0.0067552183754742146,-0.0018038047710433602,0.00010659545660018921,0.0020777122117578983
0.6062500000000038,-0.006752660032361746,-0.0018054507672786713,0.00010785030463011935,0.0020697396248579025
0.6072916666666706,-0.006750059314072132,-0.0018050767248496413,0.00010843807103810832,0.0020619970746338367
0.6083333333333373,-0.006747439969331026,-0.001804374740459025,0.00010905526141868904,0.002051199786365032
0.609375000000004,-0.006744814105331898,-0.0018044374883174896,0.00011012885079253465,0.00204323953948915
0.6104166666666707,-0.006742225028574467,-0.0018036082619801164,0.00011090499174315482,0.0020354080479592085
0.6114583333333374,-0.006739509291946888,-0.0018034490058198571,0.00011191349040018395,0.0020243749022483826
0.6125000000000042,-0.00673682102933526,-0.0018037392292171717,0.00011328311666147783,0.002015406731516123
0.6135416666666709,-0.0067341746762394905,-0.0018025253666564822,0.00011455815547378734,0.0020078106317669153
0.6145833333333376,-0.0067313178442418575,-0.0018027216428890824,0.00011589266796363518,0.002000392647460103
0.6156250000000043,-0.006728451699018478,-0.0018029386410489678,0.00011602135782595724,0.0019899816252291203
0.616666666666671,-0.006725594401359558,-0.0018025473691523075,0.0001166912552434951,0.0019808742217719555
0.6177083333333377,-0.006722705438733101,-0.0018028985941782594,0.00011768448894144967,0.0019740040879696608
0.6187500000000045,-0.006719880271703005,-0.0018017477123066783,0.00011796804028563201,0.0019677935633808374
0.6197916666666712,-0.006716905161738396,-0.0018015390960499644,0.00011830484436359257,0.001962756272405386
0.6208333333333379,-0.00671398127451539,-0.0018017151160165668,0.0001181820553028956,0.0019532758742570877
0.6218750000000046,-0.006710852961987257,-0.0018011874053627253,0.00011849795555463061,0.0019438129384070635
0.6229166666666713,-0.006707826163619757,-0.0018005190650001168,0.0001184152060886845,0.0019357935525476933
0.623958333333338,-0.006704730913043022,-0.0017991287168115377,0.00011915388313354924,0.001929088612087071
0.6250000000000048,-0.006701643578708172,-0.0017989170737564564,0.00011958635150222108,0.0019234196515753865
0.6260416666666715,-0.006698478478938341,-0.0017984355799853802,0.00012065621558576822,0.0019166343845427036
0.6270833333333382,-0.006695312913507223,-0.001798557466827333,0.00012219625932630152,0.0019107701955363154
0.6281250000000049,-0.006692172028124332,-0.0017975636292248964,0.0001221676211571321,0.0019045659573748708
0.6291666666666716,-0.0066888583824038506,-0.0017982091521844268,0.00012369871546979994,0.0018992184195667505
0.6302083333333384,-0.006685566622763872,-0.0017973390640690923,0.00012320819951128215,0.0018900764407590032
0.6312500000000051,-0.0066822608932852745,-0.0017971144989132881,0.00012365572911221534,0.0018808450549840927
0.6322916666666718,-0.006678963080048561,-0.0017964347498491406,0.0001239426783286035,0.001871614484116435
0.6333333333333385,-0.0066755288280546665,-0.001797276665456593,0.00012412050273269415,0.001861780066974461
0.6343750000000052,-0.006672062445431948,-0.001795868156477809,0.00012417868128977716,0.001853310503065586
0.635416666666672,-0.006668490823358297,-0.001796162105165422,0.0001241393038071692,0.0018445674795657396
0.6364583333333387,-0.0066649713553488255,-0.001795482006855309,0.00012401686399243772,0.0018357231747359037
0.6375000000000054,-0.006661460269242525,-0.0017951909685507417,0.00012448684719856828,0.0018276524497196078
0.6385416666666721,-0.006657836027443409,-0.0017939144745469093,0.00012495728151407093,0.0018222841899842024
0.6395833333333388,-0.006654192693531513,-0.001794510637409985,0.00012537965085357428,0.0018159708706662059
0.6406250000000056,-0.006650557741522789,-0.0017934759380295873,0.00012619950575754046,0.0018112491816282272
0.6416666666666723,-0.0066468073055148125,-0.0017920691752806306,0.00012639771739486605,0.001806795597076416
0.642708333333339,-0.006643082480877638,-0.0017922100378200412,0.00012666219845414162,0.0018012042855843902
0.6437500000000057,-0.006639200262725353,-0.0017904638079926372,0.0001272002118639648,0.0017947355518117547
0.6447916666666724,-0.006635386496782303,-0.0017906782450154424,0.00012730805610772222,0.001786976819857955
0.6458333333333391,-0.006631550379097462,-0.001789647969417274,0.00012767387670464814,0.0017785808304324746
0.6468750000000059,-0.006627522874623537,-0.0017886236310005188,0.0001289881329284981,0.0017733944114297628
0.6479166666666726,-0.006623625289648771,-0.0017880635568872094,0.000129410793306306,0.001767886453308165
0.6489583333333393,-0.006619544234126806,-0.0017871982418000698,0.00013040841440670192,0.001762203872203827
0.650000000000006,-0.006615513935685158,-0.001786214648745954,0.00013104616664350033,0.0017559039406478405
0.6510416666666727,-0.006611401680856943,-0.0017859134823083878,0.0001305339828832075,0.0017476478824391961
0.6520833333333395,-0.0066072409972548485,-0.0017849198775365949,0.00013101333752274513,0.0017420765943825245
0.6531250000000062,-0.006602993700653315,-0.0017839131178334355,0.00013178713561501354,0.0017370894784107804
0.6541666666666729,-0.006598819512873888,-0.0017832099692896008,0.0001326330821029842,0.0017313210992142558
0.6552083333333396,-0.006594481412321329,-0.0017823436064645648,0.00013275575474835932,0.0017229653894901276
0.6562500000000063,-0.006590104661881924,-0.001782329403795302,0.0001332019892288372,0.0017181249568238854
0.657291666666673,-0.006585763767361641,-0.0017809388227760792,0.00013368290092330426,0.0017138880211859941
0.6583333333333398,-0.006581290625035763,-0.0017807595431804657,0.00013379540177993476,0.0017068353481590748
0.6593750000000065,-0.006576796527951956,-0.0017812240403145552,0.00013413808483164757,0.001702365349046886
0.6604166666666732,-0.006572198122739792,-0.001780292484909296,0.00013476713502313942,0.0016978909261524677
0.6614583333333399,-0.006567600183188915,-0.0017789521953091025,0.0001349327649222687,0.0016913475701585412
0.6625000000000066,-0.00656293286010623,-0.001778787700459361,0.0001351660321233794,0.0016873377608135343
0.6635416666666734,-0.0065582627430558205,-0.0017779156332835555,0.0001359059097012505,0.001683258218690753
0.6645833333333401,-0.006553517188876867,-0.0017777817556634545,0.000136702336021699,0.0016795449191704392
0.6656250000000068,-0.006548729259520769,-0.0017763336654752493,0.00013645202852785587,0.0016740089049562812
0.6666666666666735,-0.006543868221342564,-0.0017761009512469172,0.0001366097421851009,0.001667116885073483
0.6677083333333402,-0.006538938730955124,-0.0017745678778737783,0.00013686856254935265,0.0016627508448436856
0.668750000000007,-0.006533978506922722,-0.0017742261989042163,0.00013697167742066085,0.0016560583608224988
0.6697916666666737,-0.006528899539262056,-0.0017727925442159176,0.0001374857674818486,0.0016516541363671422
0.6708333333333404,-0.006523828953504562,-0.0017722410848364234,0.00013755791587755084,0.0016454803990200162
0.6718750000000071,-0.006518824491649866,-0.0017710785614326596,0.00013800869055557996,0.0016411676770076156
0.6729166666666738,-0.006513588130474091,-0.0017700125463306904,0.00013810486416332424,0.0016355975531041622
0.6739583333333405,-0.006508287508040667,-0.0017695312853902578,0.00013799240696243942,0.0016320684226229787
0.6750000000000073,-0.006502966862171888,-0.0017692893743515015,0.0001378431625198573,0.0016275991220027208
0.676041666666674,-0.006497619673609734,-0.0017687523504719138,0.00013802797184325755,0.0016227824380621314
0.6770833333333407,-0.006492234766483307,-0.001766446279361844,0.00013832637341693044,0.0016193503979593515
0.6781250000000074,-0.006486616563051939,-0.0017659248551353812,0.00013891853450331837,0.0016148078721016645
0.6791666666666741,-0.006481201853603125,-0.0017650864319875836,0.00013926929386798292,0.0016110468422994018
0.6802083333333409,-0.006475532427430153,-0.001763463020324707,0.00013935820607002825,0.0016066498355939984
0.6812500000000076,-0.0064698816277086735,-0.0017626798944547772,0.00013981996744405478,0.0016016988083720207
0.6822916666666743,-0.006464140489697456,-0.0017616001423448324,0.00014060728426557034,0.0015978305600583553
0.683333333333341,-0.0064583891071379185,-0.0017601221334189177,0.00014101981651037931,0.0015933908289298415
0.6843750000000077,-0.006452563218772411,-0.0017584614688530564,0.0001415027363691479,0.0015894932439550757
0.6854166666666744,-0.00644661532714963,-0.0017577430699020624,0.00014223296602722257,0.0015857155667617917
0.6864583333333412,-0.006440633907914162,-0.001756826532073319,0.00014244958583731204,0.0015820437110960484
0.6875000000000079,-0.0064345551654696465,-0.0017552796052768826,0.00014319233014248312,0.001577874063514173
0.6885416666666746,-0.006428420078009367,-0.001755046658217907,0.0001441158528905362,0.0015738093061372638
0.6895833333333413,-0.006422299891710281,-0.0017518181120976806,0.00014408776769414544,0.0015697877388447523
0.690625000000008,-0.006415896583348513,-0.0017510715406388044,0.0001446921523893252,0.0015659892233088613
0.6916666666666748,-0.0064094155095517635,-0.0017494327621534467,0.00014551788626704365,0.0015629333211109042
0.6927083333333415,-0.006402989849448204,-0.0017475825734436512,0.00014518768875859678,0.0015597863821312785
0.6937500000000082,-0.006396641954779625,-0.0017465300625190139,0.00014520817785523832,0.0015553119592368603
0.6947916666666749,-0.006390089634805918,-0.0017448283033445477,0.0001457036705687642,0.001551245921291411
0.6958333333333416,-0.006383595988154411,-0.0017433344619348645,0.00014570908388122916,0.0015477800043299794
0.6968750000000083,-0.006376852747052908,-0.0017414889298379421,0.0001462403597543016,0.001544139115139842
0.6979166666666751,-0.006369919050484896,-0.0017395128961652517,0.00014693906996399164,0.0015410182531923056
0.6989583333333418,-0.006363093387335539,-0.0017378327902406454,0.00014696082507725805,0.0015390967018902302
0.7000000000000085,-0.006356074009090662,-0.0017363156657665968,0.00014767459651920944,0.001536100055091083
0.7010416666666752,-0.006349052302539349,-0.0017347957473248243,0.00014843977987766266,0.0015361637342721224
0.7020833333333419,-0.006342002656310797,-0.0017330347327515483,0.0001490527793066576,0.001535278744995594
0.7031250000000087,-0.006334871519356966,-0.0017311654519289732,0.00014960922999307513,0.0015348958550021052
0.7041666666666754,-0.006327643059194088,-0.0017294954741373658,0.00014967817696742713,0.0015348343877121806
0.7052083333333421,-0.006320352666079998,-0.0017278989544138312,0.00015016522957012057,0.0015338478842750192
0.7062500000000088,-0.006313038058578968,-0.001725618145428598,0.0001502502418588847,0.0015334801282733679
0.7072916666666755,-0.006305518560111523,-0.0017238417640328407,0.00015055312542244792,0.001532033085823059
0.7083333333333423,-0.006297898478806019,-0.0017214816762134433,0.0001504074316471815,0.0015305496053770185
0.709375000000009,-0.006290207616984844,-0.0017192463856190443,0.00014994379307609051,0.0015272513264790177
0.7104166666666757,-0.006282528396695852,-0.001716970931738615,0.00015031639486551285,0.001523946295492351
0.7114583333333424,-0.006274759769439697,-0.0017146592726930976,0.00015011164941824973,0.0015211714198812842
0.7125000000000091,-0.0062669734470546246,-0.001712486264295876,0.00015054692630656064,0.0015187538228929043
0.7135416666666758,-0.006259032525122166,-0.0017102773999795318,0.0001505198160884902,0.0015165616059675813
0.7145833333333426,-0.006251099519431591,-0.0017081403639167547,0.00015131237159948796,0.0015158501919358969
0.7156250000000093,-0.006242929492145777,-0.0017060446552932262,0.0001524117833469063,0.0015174666186794639
0.716666666666676,-0.006234562955796719,-0.0017038213554769754,0.0001524945837445557,0.0015152654377743602
0.7177083333333427,-0.006226223893463612,-0.001701759989373386,0.00015298389189410955,0.001512424205429852
0.7187500000000094,-0.006217956077307463,-0.0016991584561765194,0.0001531211455585435,0.0015101036988198757
0.7197916666666762,-0.006209522485733032,-0.0016966541297733784,0.00015343051927629858,0.0015087900683283806
0.7208333333333429,-0.006200999952852726,-0.0016945867100730538,0.00015364805585704744,0.0015086403582245111
0.7218750000000096,-0.0061922259628772736,-0.0016921786591410637,0.00015337894728872925,0.0015061057638376951
0.7229166666666763,-0.0061834449879825115,-0.0016901775961741805,0.00015366697334684432,0.0015055907424539328
0.723958333333343,-0.006174616981297731,-0.0016878806054592133,0.00015418916882481426,0.0015070302179083228
0.7250000000000097,-0.006165618542581797,-0.001685258001089096,0.00015371259360108525,0.0015044515021145344
0.7260416666666765,-0.006156581453979015,-0.0016829455271363258,0.00015424686716869473,0.0015032874653115869
0.7270833333333432,-0.006147488951683044,-0.0016803198959678411,0.00015438461559824646,0.0015047792112454772
0.7281250000000099,-0.006138191558420658,-0.0016778978751972318,0.00015409612387884408,0.0015026042237877846
0.7291666666666766,-0.006128845736384392,-0.0016751353396102786,0.00015381591219920665,0.0015020809369161725
0.7302083333333433,-0.006119491998106241,-0.001672734972089529,0.0001536744530312717,0.0015014425152912736
0.7312500000000101,-0.006109946873039007,-0.0016702042194083333,0.00015363615239039063,0.0015002783620730042
0.7322916666666768,-0.006100370083004236,-0.0016679454129189253,0.00015371515473816544,0.0015027998015284538
0.7333333333333435,-0.00609050877392292,-0.001665092189796269,0.00015302252722904086,0.001501109916716814
0.7343750000000102,-0.00608070008456707,-0.0016626373399049044,0.00015334227646235377,0.0015015447279438376
0.7354166666666769,-0.0060709211975336075,-0.0016603809781372547,0.00015312533651012927,0.0015006252797320485
0.7364583333333437,-0.006060788407921791,-0.0016575544141232967,0.0001525732659501955,0.0015012288931757212
0.7375000000000104,-0.006050707772374153,-0.0016553484601899981,0.00015211098070722073,0.0014999640407040715
0.7385416666666771,-0.006040445528924465,-0.001652722479775548,0.00015177231398411095,0.0015012973453849554
0.7395833333333438,-0.006030132994055748,-0.0016503112856298685,0.00015132151020225137,0.0014996554236859083
0.7406250000000105,-0.00601969426497817,-0.001648099278099835,0.00015110173262655735,0.0015020327409729362
0.7416666666666772,-0.006008984055370092,-0.0016457615420222282,0.00015085141058079898,0.0015005983877927065
0.742708333333344,-0.005998414941132069,-0.0016432852717116475,0.00015092654211912304,0.0015015973476693034
0.7437500000000107,-0.0059875971637666225,-0.0016403855988755822,0.00015062696184031665,0.0015009286580607295
0.7447916666666774,-0.005976792424917221,-0.0016382653266191483,0.0001505361869931221,0.0014996707905083895
0.7458333333333441,-0.005965757183730602,-0.001635408611036837,0.00015083850303199142,0.0015026545152068138
0.7468750000000108,-0.005954531487077475,-0.001632801373489201,0.00015097168216016144,0.0015013699885457754
0.7479166666666776,-0.0059433504939079285,-0.0016294301021844149,0.0001505641994299367,0.0014993405202403665
0.7489583333333443,-0.005932040978223085,-0.001627325196750462,0.0001502839004388079,0.0015018078265711665
0.750000000000011,-0.005920441821217537,-0.0016244895523414016,0.00015027807967271656,0.0015004044398665428
0.7510416666666777,-0.005908978171646595,-0.0016211328329518437,0.00015052706294227391,0.0014993135118857026
0.7520833333333444,-0.005897730588912964,-0.0016178019577637315,0.00015137770969886333,0.0015011060750111938
0.7531250000000111,-0.005886135622859001,-0.001615210552699864,0.00015187286771833897,0.0015022093430161476
0.7541666666666779,-0.00587428780272603,-0.0016116772312670946,0.00015188784163910896,0.001504141604527831
0.7552083333333446,-0.0058616651222109795,-0.001607554848305881,0.00015191608690656722,0.0015034048119559884
0.7562500000000113,-0.005849272012710571,-0.0016039068577811122,0.00015236645413096994,0.001502850791439414
0.757291666666678,-0.005837338510900736,-0.0016003111377358437,0.0001524739491287619,0.0015044817700982094
0.7583333333333447,-0.005825056694447994,-0.0015970938839018345,0.000152941545820795,0.0015057421987876296
0.7593750000000115,-0.0058119758032262325,-0.001593110617250204,0.00015337590593844652,0.0015089964726939797
0.7604166666666782,-0.005799022037535906,-0.001588863437063992,0.0001538281940156594,0.001511943293735385
0.7614583333333449,-0.005786074325442314,-0.0015845850575715303,0.00015389628242701292,0.001512609189376235
0.7625000000000116,-0.005773208569735289,-0.0015807627933099866,0.00015422230353578925,0.0015130480751395226
0.7635416666666783,-0.005760333500802517,-0.0015767597360536456,0.00015476063708774745,0.0015135538997128606
0.764583333333345,-0.005747438874095678,-0.0015732132596895099,0.00015514736878685653,0.0015169007238000631
0.7656250000000118,-0.0057345665991306305,-0.0015697148628532887,0.00015532536781392992,0.0015190676786005497
0.7666666666666785,-0.00572176231071353,-0.0015659837517887354,0.0001551824389025569,0.0015204455703496933
0.7677083333333452,-0.005708933342248201,-0.0015620896592736244,0.00015582257765345275,0.0015230696881189942
0.7687500000000119,-0.005696120206266642,-0.0015580275794491172,0.0001551616151118651,0.001524433377198875
0.7697916666666786,-0.005683337338268757,-0.0015537681756541133,0.00015511069796048105,0.0015252826269716024
0.7708333333333454,-0.005670554470270872,-0.0015497661661356688,0.00015522551257163286,0.0015277281636372209
0.7718750000000121,-0.00565777812153101,-0.0015457061817869544,0.00015577593876514584,0.0015288011636584997
0.7729166666666788,-0.005645025055855513,-0.0015418449183925986,0.00015608998364768922,0.0015299114165827632
0.7739583333333455,-0.005632278509438038,-0.0015380032127723098,0.0001560543751111254,0.0015330122550949454
0.7750000000000122,-0.005619537550956011,-0.0015337059739977121,0.00015532394172623754,0.0015339294914156199
0.776041666666679,-0.005606818478554487,-0.0015298649668693542,0.00015535365673713386,0.0015365887666121125
0.7770833333333457,-0.0055941008031368256,-0.0015255854232236743,0.000155276880832389,0.0015372612979263067
0.7781250000000124,-0.0055814022198319435,-0.0015209951670840383,0.00015372244524769485,0.0015398897230625153
0.7791666666666791,-0.0055687096901237965,-0.0015165115473791957,0.00015276428894139826,0.001540502067655325
0.7802083333333458,-0.005556031130254269,-0.0015121017349883914,0.00015241955406963825,0.0015432096552103758
0.7812500000000125,-0.005543361883610487,-0.0015076595591381192,0.00015176812303252518,0.0015436462126672268
0.7822916666666793,-0.005530705209821463,-0.0015031875809654593,0.00015086842176970094,0.0015462756855413318
0.783333333333346,-0.005518059246242046,-0.0014985501766204834,0.00014944409485906363,0.0015465093310922384
0.7843750000000127,-0.005505423992872238,-0.0014944174326956272,0.00014917975931894034,0.001549067092128098
0.7854166666666794,-0.005492799449712038,-0.0014903040137141943,0.0001489058486185968,0.0015500191366299987
0.7864583333333461,-0.005480185616761446,-0.0014867079444229603,0.00015006637840997428,0.0015512919053435326
0.7875000000000129,-0.005467582959681749,-0.0014828364364802837,0.00015110676758922637,0.0015534759731963277
0.7885416666666796,-0.005454990081489086,-0.001478889724239707,0.00015149165119510144,0.0015535642160102725
0.7895833333333463,-0.00544240977615118,-0.0014749052934348583,0.00015269967843778431,0.0015569530660286546
0.790625000000013,-0.005429839249700308,-0.0014709673123434186,0.00015330308815464377,0.0015577577287331223
0.7916666666666797,-0.0054172794334590435,-0.001466853660531342,0.00015361201076302677,0.001557938870973885
0.7927083333333464,-0.005404730327427387,-0.0014629109064117074,0.0001539583900012076,0.0015602929051965475
0.7937500000000132,-0.005392192862927914,-0.0014588386984542012,0.00015391260967589915,0.0015606227098032832
0.7947916666666799,-0.0053796651773154736,-0.0014546073507517576,0.0001539230433991179,0.0015616710297763348
0.7958333333333466,-0.005367147736251354,-0.0014503815909847617,0.0001540503290016204,0.001564021804369986
0.7968750000000133,-0.00535464147105813,-0.0014461782993748784,0.00015394789807032794,0.0015647916588932276
0.79791666666668,-0.005342145450413227,-0.001442106207832694,0.00015411018102895468,0.0015650633722543716
0.7989583333333468,-0.005329659674316645,-0.0014381493674591184,0.0001543205144116655,0.001567171886563301
0.8000000000000135,-0.005317186005413532,-0.001433998579159379,0.00015459080168511719,0.0015681874938309193
0.8010416666666802,-0.005304720718413591,-0.0014298817841336131,0.00015415626694448292,0.0015690416330471635
0.8020833333333469,-0.005292263813316822,-0.0014258333249017596,0.00015456134860869497,0.001571482396684587
0.8031250000000136,-0.005279820412397385,-0.0014218899887055159,0.00015515934501308948,0.0015721344389021397
0.8041666666666804,-0.005267386324703693,-0.0014178325654938817,0.00015571535914205015,0.0015727415448054671
0.8052083333333471,-0.005254961084574461,-0.0014135416131466627,0.00015523361798841506,0.001575519680045545
0.8062500000000138,-0.005242547951638699,-0.0014090330805629492,0.0001547951396787539,0.0015754455234855413
0.8072916666666805,-0.00523014273494482,-0.0014047876466065645,0.00015433129738084972,0.0015752777690067887
0.8083333333333472,-0.0052177454344928265,-0.0014005647972226143,0.00015418637485709041,0.001578060444444418
0.8093750000000139,-0.00520536070689559,-0.0013964363606646657,0.00015357404481619596,0.0015800311230123043
0.8104166666666807,-0.00519298342987895,-0.0013922600774094462,0.0001537119096610695,0.0015817099483683705
0.8114583333333474,-0.0051806154660880566,-0.0013879969483241439,0.00015332682232838124,0.0015845600282773376
0.8125000000000141,-0.0051682572811841965,-0.0013838927261531353,0.00015260808868333697,0.0015879608690738678
0.8135416666666808,-0.0051559084095060825,-0.0013797635911032557,0.00015275644545909017,0.001590234343893826
0.8145833333333475,-0.00514356791973114,-0.0013754210667684674,0.00015222563524730504,0.0015929363435134292
0.8156250000000143,-0.005131236277520657,-0.0013709503691643476,0.00015141407493501902,0.0015958346193656325
0.816666666666681,-0.005118913482874632,-0.0013667672174051404,0.00015064598119352013,0.001597996219061315
0.8177083333333477,-0.005106598604470491,-0.0013625684659928083,0.00015099644951988012,0.001601012540049851
0.8187500000000144,-0.005094293504953384,-0.0013579147635027766,0.00014952773926779628,0.0016034531872719526
0.8197916666666811,-0.005081995390355587,-0.0013535848120227456,0.00014957250095903873,0.0016037331661209464
0.8208333333333478,-0.005069703795015812,-0.0013493341393768787,0.00014929425378795713,0.0016076487954705954
0.8218750000000146,-0.005057426169514656,-0.0013448193203657866,0.00014814130554441363,0.0016079514753073454
0.8229166666666813,-0.005045148078352213,-0.0013406488578766584,0.00014759739860892296,0.0016092362347990274
0.823958333333348,-0.005032879766076803,-0.0013363305479288101,0.00014706650108564645,0.001611899002455175
0.8250000000000147,-0.005020622629672289,-0.0013321575243026018,0.00014676226419396698,0.0016127213602885604
0.8260416666666814,-0.00500836968421936,-0.0013278271071612835,0.00014748617832083255,0.0016161807579919696
0.8270833333333482,-0.004996126517653465,-0.0013233727077022195,0.0001466194516979158,0.0016150915762409568
0.8281250000000149,-0.004983884748071432,-0.0013189702294766903,0.00014671946701128036,0.001616115216165781
0.8291666666666816,-0.004971650894731283,-0.0013148182770237327,0.00014696236758027226,0.0016171644674614072
0.8302083333333483,-0.004959427751600742,-0.0013103827368468046,0.000146661521284841,0.0016177482903003693
0.831250000000015,-0.004947201814502478,-0.0013056512689217925,0.00014504013233818114,0.0016183460829779506
0.8322916666666818,-0.0049349842593073845,-0.0013011908158659935,0.00014434113109018654,0.0016186801949515939
0.8333333333333485,-0.004922769498080015,-0.0012965420028194785,0.0001440750202164054,0.0016199308447539806
0.8343750000000152,-0.004910563584417105,-0.0012921850429847836,0.0001443705114070326,0.0016196653014048934
0.8354166666666819,-0.004898359999060631,-0.0012876547407358885,0.00014392109005711973,0.00162070884834975
0.8364583333333486,-0.004886164329946041,-0.0012831834610551596,0.00014303997159004211,0.001620838069356978
0.8375000000000153,-0.004873968660831451,-0.0012787524610757828,0.00014208977518137544,0.0016200804384425282
0.8385416666666821,-0.004861781373620033,-0.0012743197148665786,0.00014205880870576948,0.0016225011786445975
0.8395833333333488,-0.004849599674344063,-0.0012698618229478598,0.00014194753021001816,0.0016217856900766492
0.8406250000000155,-0.004837413784116507,-0.0012653511948883533,0.00014219099830370396,0.001625523902475834
0.8416666666666822,-0.004825237672775984,-0.001260890974663198,0.00014223397010937333,0.0016252582427114248
0.8427083333333489,-0.0048130592331290245,-0.0012562712654471397,0.00014240414020605385,0.0016247363528236747
0.8437500000000157,-0.004800888709723949,-0.0012517858995124698,0.00014309734979178756,0.0016282475553452969
0.8447916666666824,-0.0047887214459478855,-0.0012473417446017265,0.00014231215754989535,0.0016292532673105597
0.8458333333333491,-0.004776549991220236,-0.001242897822521627,0.00014267924416344613,0.0016288930783048272
0.8468750000000158,-0.004764380399137735,-0.0012383979046717286,0.00014332143473438919,0.0016299940180033445
0.8479166666666825,-0.004752215929329395,-0.0012338432716205716,0.0001435040176147595,0.0016335239633917809
0.8489583333333492,-0.00474005239084363,-0.0012292289175093174,0.0001429888652637601,0.0016366912750527263
0.850000000000016,-0.004727886524051428,-0.0012246229453012347,0.00014247260696720332,0.0016383582260459661
0.8510416666666827,-0.004715719260275364,-0.0012199943885207176,0.00014157033001538366,0.0016391235403716564
0.8520833333333494,-0.004703552462160587,-0.0012153750285506248,0.0001397600135533139,0.0016404222697019577
0.8531250000000161,-0.004691387992352247,-0.0012108472874388099,0.00013955499161966145,0.0016417182050645351
0.8541666666666828,-0.004679221194237471,-0.0012062464375048876,0.0001393134443787858,0.0016456659650430083
0.8552083333333496,-0.004667052999138832,-0.0012017067056149244,0.000139125797431916,0.0016497538890689611
0.8562500000000163,-0.004654883407056332,-0.001197303645312786,0.0001394762221025303,0.001652947859838605
0.857291666666683,-0.004642709158360958,-0.0011927984887734056,0.0001404605427524075,0.0016570792067795992
0.8583333333333497,-0.004220597445964813,-0.0009410687489435077,3.001589902851265e-05,-0.006854447536170483
0.8593750000000164,-0.003913435619324446,-0.0004921173094771802,-0.0002091823989758268,-0.01425683218985796
0.8604166666666831,-0.0037787037435919046,-0.00028856759308837354,-0.00028080554329790175,-0.016087135300040245
0.8614583333333499,-0.0037340917624533176,-0.0002605138288345188,-0.00019179278751835227,-0.01645704172551632
0.8625000000000166,-0.003711157012730837,-0.0003216680488549173,-0.00015975470887497067,-0.016635825857520103
0.8635416666666833,-0.0036964965984225273,-0.00034472826519049704,-0.00015423752483911812,-0.016707798466086388
0.86458333333335,-0.003683781949803233,-0.0003639384522102773,-0.00014804815873503685,-0.016757039353251457
0.8656250000000167,-0.003671541577205062,-0.0003833076625596732,-0.00014054124767426401,-0.016801944002509117
0.8666666666666835,-0.0036594904959201813,-0.00040332882781513035,-0.00013279503036756068,-0.01684669777750969
0.8677083333333502,-0.0036475665401667356,-0.0004239440313540399,-0.00012576079461723566,-0.016890017315745354
0.8687500000000169,-0.0036357101052999496,-0.00044486322440207005,-0.00011859634832944721,-0.016933120787143707
0.8697916666666836,-0.00362386298365891,-0.0004660257836803794,-0.00011213459220016375,-0.01697559282183647
0.8708333333333503,-0.0036119811702519655,-0.0004870803968515247,-0.00010539340291870758,-0.017018767073750496
0.871875000000017,-0.0036000655964016914,-0.0005078583490103483,-9.976558794733137e-05,-0.017061740159988403
0.8729166666666838,-0.0035881204530596733,-0.0005290744011290371,-9.310468885814771e-05,-0.01710590533912182
0.8739583333333505,-0.003576182760298252,-0.0005498792161233723,-8.588081982452422e-05,-0.017148654907941818
0.8750000000000172,-0.003564228769391775,-0.0005705574876628816,-8.06774478405714e-05,-0.017191046848893166
0.8760416666666839,-0.0035523055121302605,-0.0005914326757192612,-7.658358663320541e-05,-0.017233630642294884
0.8770833333333506,-0.003540480276569724,-0.0006125507061369717,-7.25821009837091e-05,-0.01727581024169922
0.8781250000000174,-0.0035296401474624872,-0.0006322436966001987,-6.740687967976555e-05,-0.017318103462457657
0.8791666666666841,-0.003520190017297864,-0.0006491679232567549,-6.100080645410344e-05,-0.017359569668769836
0.8802083333333508,-0.003511357121169567,-0.0006663556559942663,-5.422737740445882e-05,-0.017401443794369698
0.8812500000000175,-0.0035028185229748487,-0.0006838215049356222,-4.73644322482869e-05,-0.017443163320422173
0.8822916666666842,-0.003494424279779196,-0.000701853190548718,-3.848244887194596e-05,-0.0174847524613142
0.883333333333351,-0.003486090339720249,-0.0007195048965513706,-3.0104058168944903e-05,-0.017526747658848763
0.8843750000000177,-0.0034778001718223095,-0.0007370723178610206,-2.3065033019520342e-05,-0.017569197341799736
0.8854166666666844,-0.003469538176432252,-0.0007548106950707734,-1.5686477127019316e-05,-0.017610790207982063
0.8864583333333511,-0.003461288521066308,-0.0007724917959421873,-8.78648461366538e-06,-0.017652329057455063
0.8875000000000178,-0.003453065874055028,-0.0007904315716587007,-1.9364558738743654e-06,-0.01769338920712471
0.8885416666666845,-0.003444854635745287,-0.000807964475825429,4.270958925189916e-06,-0.017734650522470474
0.8895833333333513,-0.0034366578329354525,-0.0008256065775640309,1.0942559129034635e-05,-0.017775628715753555
0.890625000000018,-0.0034284740686416626,-0.0008432494360022247,1.8956705389427952e-05,-0.017817042768001556
0.8916666666666847,-0.0034203054383397102,-0.0008604639442637563,2.574192694737576e-05,-0.01785726100206375
0.8927083333333514,-0.0034121458884328604,-0.0008778474293649197,3.270250090281479e-05,-0.017897745594382286
0.8937500000000181,-0.0034040024038404226,-0.0008953256183303893,3.8844431401230395e-05,-0.01793874241411686
0.8947916666666849,-0.0033958887215703726,-0.0009128458332270384,4.679407720686868e-05,-0.017980512231588364
0.8958333333333516,-0.0033877897076308727,-0.0009297564392909408,5.433706610347144e-05,-0.018020708113908768
0.8968750000000183,-0.003379718866199255,-0.0009464437025599182,6.186392420204356e-05,-0.018061066046357155
0.897916666666685,-0.003371972357854247,-0.00095875293482095,6.77006391924806e-05,-0.01809934712946415
0.8989583333333517,-0.0033644295763224363,-0.0009705156553536654,7.576075586257502e-05,-0.018140608444809914
0.9000000000000185,-0.0033569736406207085,-0.0009819549741223454,8.211172098526731e-05,-0.01818029209971428
0.9010416666666852,-0.0033495721872895956,-0.000993666355498135,8.880221867002547e-05,-0.01822005957365036
0.9020833333333519,-0.0033422037959098816,-0.0010052559664472938,9.536956349620596e-05,-0.018259650096297264
0.9031250000000186,-0.0033348610159009695,-0.0010169059969484806,0.00010177183867199346,-0.01829981431365013
0.9041666666666853,-0.003327521262690425,-0.0010288276243954897,0.0001084691466530785,-0.01834002137184143
0.905208333333352,-0.003320192452520132,-0.0010406023357063532,0.00011517662642290816,-0.018379658460617065
0.9062500000000188,-0.003312889253720641,-0.0010523159289732575,0.00012172570859547704,-0.018419237807393074
0.9072916666666855,-0.0033056121319532394,-0.001063916482962668,0.00012856305693276227,-0.018458444625139236
0.9083333333333522,-0.0032983501441776752,-0.001075579784810543,0.0001345569035038352,-0.018498359248042107
0.9093750000000189,-0.00329110911116004,-0.0010871445992961526,0.00014055777864996344,-0.01853851042687893
0.9104166666666856,-0.0032838850747793913,-0.0010987651767209172,0.0001469659327995032,-0.01857844367623329
0.9114583333333524,-0.003276679664850235,-0.0011101567652076483,0.0001518155331723392,-0.018617570400238037
0.9125000000000191,-0.003269494278356433,-0.0011215731501579285,0.00015886030450928956,-0.018656685948371887
0.9135416666666858,-0.003262326819822192,-0.0011328900000080466,0.00016692209464963526,-0.018695764243602753
0.9145833333333525,-0.0032551747281104326,-0.0011440895032137632,0.00017437050701119006,-0.018735375255346298
0.9156250000000192,-0.0032480452209711075,-0.0011553990188986063,0.00018216969328932464,-0.01877524144947529
0.916666666666686,-0.003240938065573573,-0.001166594447568059,0.0001899003254948184,-0.01881510205566883
0.9177083333333527,-0.0032338483724743128,-0.001177657162770629,0.00019775101100094616,-0.018855419009923935
0.9187500000000194,-0.003226783825084567,-0.0011887205764651299,0.0002043900458374992,-0.01889529451727867
0.9197916666666861,-0.0032197406981140375,-0.0011998062254860997,0.0002110806672135368,-0.018935201689600945
0.9208333333333528,-0.003212719690054655,-0.0012106503127142787,0.0002180218871217221,-0.0189747903496027
0.9218750000000195,-0.003205719171091914,-0.0012215499300509691,0.0002244362112833187,-0.01901368238031864
0.9229166666666863,-0.0031987354159355164,-0.0012322476832196116,0.00023096991935744882,-0.01905260793864727
0.923958333333353,-0.003191775642335415,-0.001243039034307003,0.00023841208894737065,-0.019091498106718063
0.9250000000000197,-0.0031848354265093803,-0.0012534683337435126,0.0002451424952596426,-0.01912998966872692
0.9260416666666864,-0.0031779196579009295,-0.001263831160031259,0.0002503157302271575,-0.019168328493833542
0.9270833333333531,-0.003171032527461648,-0.0012740790843963623,0.0002566165931057185,-0.01920611783862114
0.9281250000000199,-0.0031641600653529167,-0.0012842732248827815,0.0002647365618031472,-0.01924414001405239
0.9291666666666866,-0.0031573071610182524,-0.0012942999601364136,0.00027271584258414805,-0.019282087683677673
0.9302083333333533,-0.003150480566546321,-0.0013043072540313005,0.0002810859587043524,-0.019319940358400345
0.93125000000002,-0.0031438118312507868,-0.0013482286594808102,0.0003251636808272451,-0.01939566060900688
0.9322916666666867,-0.0031415848061442375,-0.0013783229514956474,0.00032074880436994135,-0.019466986879706383
0.9333333333333534,-0.0031375556718558073,-0.0013932366855442524,0.000319224433042109,-0.019510457292199135
0.9343750000000202,-0.0031404250767081976,-0.0013510118005797267,0.00014125811867415905,-0.019519703462719917
0.9354166666666869,-0.003144100308418274,-0.0012844372540712357,0.0001322455209447071,-0.019546642899513245
0.9364583333333536,-0.003142113098874688,-0.0012532549444586039,0.00012138354213675484,-0.019573083147406578
0.9375000000000203,-0.0031394187826663256,-0.0012209698325023055,0.00011159817222505808,-0.019598202779889107
0.938541666666687,-0.003136393614113331,-0.001187496935017407,0.00010121153172804043,-0.019625507295131683
0.9395833333333538,-0.0031330594792962074,-0.001154002733528614,9.182692156173289e-05,-0.019652407616376877
0.9406250000000205,-0.0031294487416744232,-0.0011200186563655734,8.293796418001875e-05,-0.01967928186058998
0.9416666666666872,-0.0031255714129656553,-0.0010863839415833354,7.455689774360508e-05,-0.019705669954419136
0.9427083333333539,-0.003121494548395276,-0.0010510941501706839,6.492211832664907e-05,-0.019732913002371788
0.9437500000000206,-0.003117149230092764,-0.0010163253173232079,5.8324996643932536e-05,-0.019760509952902794
0.9447916666666873,-0.0031125566456466913,-0.0009821123676374555,5.03964074596297e-05,-0.019789069890975952
0.9458333333333541,-0.003107749857008457,-0.0009472286910749972,4.33579261880368e-05,-0.019817791879177094
0.9468750000000208,-0.0031027072109282017,-0.0009125730721279979,3.580357224564068e-05,-0.019847141578793526
0.9479166666666875,-0.00309754628688097,-0.0008785619866102934,2.8313252187217586e-05,-0.019876139238476753
0.9489583333333542,-0.003092070808634162,-0.0008560687419958413,1.734350917104166e-05,-0.01990247145295143
0.9500000000000209,-0.0030864225700497627,-0.0008356862817890942,5.284946382744238e-06,-0.01992865279316902
0.9510416666666877,-0.003080687951296568,-0.0008159280987456441,-5.383884399634553e-06,-0.019954146817326546
0.9520833333333544,-0.003076387569308281,-0.0008151151705533266,4.164676647633314e-05,-0.02001442015171051
0.9531250000000211,-0.0030738478526473045,-0.0008523011929355562,4.000992703367956e-05,-0.020072750747203827
0.9541666666666878,-0.0030696552712470293,-0.0008656575810164213,4.4495463953353465e-05,-0.02011481672525406
0.9552083333333545,-0.00306452508084476,-0.0008758850744925439,4.9703503464115784e-05,-0.020153017714619637
0.9562500000000212,-0.0030589436646550894,-0.0008854657062329352,5.4936408560024574e-05,-0.020190058276057243
0.957291666666688,-0.003053188556805253,-0.0008948396425694227,6.068543007131666e-05,-0.02022819221019745
0.9583333333333547,-0.0030473838560283184,-0.0009031756781041622,6.678601494058967e-05,-0.020263995975255966
0.9593750000000214,-0.003041620831936598,-0.0009093322441913188,6.521236355183646e-05,-0.020298242568969727
0.9604166666666881,-0.003036040347069502,-0.0009123770287260413,6.420230056392029e-05,-0.020333455875515938
0.9614583333333548,-0.00303047988563776,-0.0009164344519376755,6.722188118146732e-05,-0.020368030294775963
0.9625000000000216,-0.0030249441042542458,-0.0009198846528306603,6.888403731863946e-05,-0.02040269784629345
0.9635416666666883,-0.003019429976120591,-0.0009233092423528433,7.020607881713659e-05,-0.02043812908232212
0.964583333333355,-0.003013942390680313,-0.0009265230037271976,7.1800357545726e-05,-0.020473387092351913
0.9656250000000217,-0.0030084699392318726,-0.0009299415978603065,7.446431118296459e-05,-0.02050832100212574
0.9666666666666884,-0.003003554418683052,-0.000920934951864183,6.253261381061748e-05,-0.02054113894701004
0.9677083333333552,-0.0029992905911058187,-0.0009047672501765192,6.020917135174386e-05,-0.020572038367390633
0.9687500000000219,-0.002994613954797387,-0.0009002338629215956,5.880881872144528e-05,-0.020604927092790604
0.9697916666666886,-0.0029897200874984264,-0.0008984060259535909,5.8820205595111474e-05,-0.02063947543501854
0.9708333333333553,-0.0029847139958292246,-0.0008971751085482538,5.8972374972654507e-05,-0.020672572776675224
0.971875000000022,-0.0029797139577567577,-0.0008963013533502817,5.950734703219496e-05,-0.020706815645098686
0.9729166666666887,-0.002974643837660551,-0.0008952734060585499,6.003029557177797e-05,-0.020740127190947533
0.9739583333333555,-0.0029695755802094936,-0.0008943105349317193,6.018112617311999e-05,-0.02077343873679638
0.9750000000000222,-0.002964514074847102,-0.0008933834615163505,6.018893691361882e-05,-0.020806806161999702
0.9760416666666889,-0.0029594546649605036,-0.0008925807778723538,6.032706005498767e-05,-0.020839689299464226
0.9770833333333556,-0.00295441085472703,-0.0008916237857192755,5.9749447245849296e-05,-0.02087308280169964
0.9781250000000223,-0.0029493789188563824,-0.0008908131276257336,5.865713319508359e-05,-0.020906437188386917
0.9791666666666891,-0.0029443681705743074,-0.0008899071253836155,5.8152025303570554e-05,-0.02093997783958912
0.9802083333333558,-0.0029393506702035666,-0.0008891699253581464,5.729903932660818e-05,-0.020973457023501396
0.9812500000000225,-0.002934354357421398,-0.0008883551345206797,5.638644506689161e-05,-0.021006494760513306
0.9822916666666892,-0.002929362701252103,-0.0008874995401129127,5.49233409401495e-05,-0.021039918065071106
0.9833333333333559,-0.002924381522461772,-0.000886663212440908,5.4036783694755286e-05,-0.021073494106531143
0.9843750000000226,-0.002919404301792383,-0.0008857600041665137,5.280190089251846e-05,-0.02110668644309044
0.9854166666666894,-0.0029144545551389456,-0.0008849541773088276,5.233216506894678e-05,-0.02113976515829563
0.9864583333333561,-0.002909502713009715,-0.0008842448587529361,5.1790804718621075e-05,-0.021172916516661644
0.9875000000000228,-0.002904572058469057,-0.0008833828032948077,5.044645513407886e-05,-0.02120596170425415
0.9885416666666895,-0.0028996258042752743,-0.0008825748227536678,4.8865022108657286e-05,-0.02123906835913658
0.9895833333333562,-0.0028947019018232822,-0.0008816352928988636,4.914046439807862e-05,-0.02127237059175968
0.990625000000023,-0.0028898015152662992,-0.0008806205587461591,5.004712147638202e-05,-0.021305624395608902
0.9916666666666897,-0.0028848894871771336,-0.0008796881884336472,5.162216257303953e-05,-0.021338552236557007
0.9927083333333564,-0.0028800040017813444,-0.0008785615209490061,5.3279251005733386e-05,-0.02137126214802265
0.9937500000000231,-0.0028751310892403126,-0.0008774331072345376,5.522417995962314e-05,-0.021404003724455833
0.9947916666666898,-0.0028702388517558575,-0.0008762315264903009,5.700003384845331e-05,-0.021436629816889763
0.9958333333333566,-0.0028653822373598814,-0.0008749699918553233,5.874099224456586e-05,-0.02146930992603302
0.9968750000000233,-0.0028605239931493998,-0.0008737373282201588,6.0169862990733236e-05,-0.021501988172531128
0.99791666666669,-0.0028556780889630318,-0.0008725362131372094,6.152890273369849e-05,-0.021534554660320282
0.9989583333333567,-0.002850860822945833,-0.0008714628638699651,6.249202851904556e-05,-0.02156735397875309
1.0000000000000233,-0.00284603051841259,-0.0008703689672984183,6.277180364122614e-05,-0.021600015461444855
1.00104166666669,-0.0028412174433469772,-0.0008692818810231984,6.263523391680792e-05,-0.02163264900445938
1.0020833333333565,-0.0028364062309265137,-0.0008683124324306846,6.241616210900247e-05,-0.021665195003151894
1.0031250000000231,-0.002831611316651106,-0.000867406080942601,6.199401832418516e-05,-0.021697627380490303
1.0041666666666897,-0.002826834563165903,-0.0008664492052048445,6.195376045070589e-05,-0.021730070933699608
1.0052083333333564,-0.0028220396488904953,-0.0008655260899104178,6.257350469240919e-05,-0.02176247537136078
1.006250000000023,-0.002817281289026141,-0.0008645379566587508,6.362274871207774e-05,-0.021794965490698814
1.0072916666666896,-0.0028125252574682236,-0.0008634647238068283,6.51726295473054e-05,-0.02182716131210327
1.0083333333333562,-0.0028077764436602592,-0.0008623003959655762,6.636350735789165e-05,-0.021859409287571907
1.0093750000000228,-0.0028030273970216513,-0.0008610973600298166,6.750589818693697e-05,-0.021891513839364052
1.0104166666666894,-0.002798303961753845,-0.0008600496221333742,6.870788638480008e-05,-0.021923856809735298
1.011458333333356,-0.002793583320453763,-0.0008588805794715881,6.97804571245797e-05,-0.021955957636237144
1.0125000000000226,-0.0027888750191777945,-0.0008577341213822365,7.100714719854295e-05,-0.021988026797771454
1.0135416666666892,-0.0027841755654662848,-0.0008567272452637553,7.186214497778565e-05,-0.022020487114787102
1.0145833333333558,-0.002779484959319234,-0.0008555984240956604,7.265799649758264e-05,-0.022052612155675888
1.0156250000000224,-0.0027747938875108957,-0.0008544645388610661,7.284324237843975e-05,-0.02208472415804863
1.016666666666689,-0.002770120743662119,-0.0008535254164598882,7.308993372134864e-05,-0.02211667224764824
1.0177083333333556,-0.0027654683217406273,-0.0008524645818397403,7.405666838167235e-05,-0.022148752585053444
1.0187500000000222,-0.0027608023956418037,-0.0008514616056345403,7.608728628838435e-05,-0.022180946543812752
1.0197916666666889,-0.0027561644092202187,-0.0008503216085955501,7.810202077962458e-05,-0.022212818264961243
1.0208333333333555,-0.0027515110559761524,-0.0008490479085594416,8.024914131965488e-05,-0.022244838997721672
1.021875000000022,-0.0027468930929899216,-0.0008478488307446241,8.222896576626226e-05,-0.022276785224676132
1.0229166666666887,-0.0027422714047133923,-0.0008467214647680521,8.319024345837533e-05,-0.022308507934212685
1.0239583333333553,-0.0027376709040254354,-0.000845604226924479,8.421386883128434e-05,-0.022340571507811546
1.025000000000022,-0.0027330678422003984,-0.0008446099236607552,8.529709884896874e-05,-0.02237257920205593
1.0260416666666885,-0.0027284857351332903,-0.0008437091601081192,8.666818030178547e-05,-0.0224043857306242
1.027083333333355,-0.002723888959735632,-0.0008427038555964828,8.7462663941551e-05,-0.0224358718842268
1.0281250000000217,-0.0027193238493055105,-0.0008416626951657236,8.76241028890945e-05,-0.02246754802763462
1.0291666666666883,-0.002714748727157712,-0.0008407585555687547,8.801426156423986e-05,-0.022498875856399536
1.030208333333355,-0.0027102113235741854,-0.0008399335201829672,8.881236863089725e-05,-0.02252992056310177
1.0312500000000215,-0.002705653663724661,-0.0008389808353967965,9.021879668580368e-05,-0.02256140112876892
1.0322916666666881,-0.002701111137866974,-0.000837881991174072,9.204544767271727e-05,-0.022592931985855103
1.0333333333333548,-0.0026966023724526167,-0.0008369480492547154,9.412026702193543e-05,-0.022624056786298752
1.0343750000000214,-0.002692069159820676,-0.0008356675389222801,9.624358062865213e-05,-0.022655613720417023
1.035416666666688,-0.0026875734329223633,-0.0008346652030013502,9.83659629127942e-05,-0.022686883807182312
1.0364583333333546,-0.002683050697669387,-0.0008334972662851214,9.993828280130401e-05,-0.02271830476820469
1.0375000000000212,-0.002678579417988658,-0.0008324147784151137,0.00010148679575650021,-0.02274935506284237
1.0385416666666878,-0.0026740797329694033,-0.0008312896825373173,0.00010240094707114622,-0.022780301049351692
1.0395833333333544,-0.0026696226559579372,-0.0008301213383674622,0.00010287357144989073,-0.022810878232121468
1.040625000000021,-0.002665151609107852,-0.0008291183621622622,0.00010257989924866706,-0.022841069847345352
1.0416666666666876,-0.002660694532096386,-0.0008282571798190475,0.00010196439689025283,-0.022870901972055435
1.0427083333333542,-0.002656250726431608,-0.000827364157885313,0.00010074015153804794,-0.022901015356183052
1.0437500000000208,-0.002651805989444256,-0.0008266062941402197,0.0001005693557090126,-0.022931188344955444
1.0447916666666874,-0.0026473826728761196,-0.0008256637374870479,0.00010052957077277824,-0.02296079508960247
1.045833333333354,-0.002642956795170903,-0.0008249446400441229,0.0001010165287880227,-0.022990785539150238
1.0468750000000207,-0.00263854768127203,-0.0008240437018685043,0.00010141777602257207,-0.023020386695861816
1.0479166666666873,-0.002634142292663455,-0.0008231202373281121,0.00010235844820272177,-0.02305024489760399
1.0489583333333539,-0.002629741095006466,-0.0008221284369938076,0.00010339410073356703,-0.02307976223528385
1.0500000000000205,-0.0026253717951476574,-0.0008212123066186905,0.00010445307270856574,-0.023109355941414833
1.051041666666687,-0.002620995044708252,-0.0008201838936656713,0.00010485249367775396,-0.023139135912060738
1.0520833333333537,-0.0026166096795350313,-0.0008191543747670949,0.00010536183981457725,-0.023168738931417465
1.0531250000000203,-0.002612257841974497,-0.0008183131576515734,0.00010561870294623077,-0.023198548704385757
1.054166666666687,-0.002607902977615595,-0.0008174877148121595,0.00010575679334579036,-0.023227563127875328
1.0552083333333535,-0.0026035583578050137,-0.0008166382904164493,0.00010526100231800228,-0.023257026448845863
1.0562500000000201,-0.0025992372538894415,-0.000815924780908972,0.00010438324534334242,-0.02328626997768879
1.0572916666666867,-0.002594906371086836,-0.0008151771617121994,0.00010337317507946864,-0.02331559546291828
1.0583333333333533,-0.002590583637356758,-0.0008144325693137944,0.00010154894698644057,-0.02334442175924778
1.05937500000002,-0.002586280694231391,-0.0008138506673276424,0.00010020819172495976,-0.0233739223331213
1.0604166666666865,-0.0025819779839366674,-0.0008129595080390573,0.00010030197154264897,-0.023402897641062737
1.0614583333333532,-0.002577687380835414,-0.0008121539722196758,0.00010029706754721701,-0.02343142032623291
1.0625000000000198,-0.0025734100490808487,-0.0008114465745165944,0.00010026793461292982,-0.023459946736693382
1.0635416666666864,-0.00256913504563272,-0.0008106009336188436,0.0001008983381325379,-0.023488419130444527
1.064583333333353,-0.0025648665614426136,-0.0008097871323116124,0.00010162233229493722,-0.023517578840255737
1.0656250000000196,-0.002560599474236369,-0.0008088208269327879,0.00010259744158247486,-0.023546025156974792
1.0666666666666862,-0.0025563612580299377,-0.0008078976534307003,0.00010366846254328266,-0.02357456646859646
1.0677083333333528,-0.00255212327465415,-0.000806838390417397,0.00010444004146847874,-0.02360294945538044
1.0687500000000194,-0.0025478778406977654,-0.0008059337269514799,0.00010539092181716114,-0.023631373420357704
1.069791666666686,-0.0025436587166041136,-0.0008049117750488222,0.00010579120862530544,-0.023659657686948776
1.0708333333333526,-0.0025394451804459095,-0.0008039964595809579,0.00010578397632343695,-0.02368798851966858
1.0718750000000192,-0.0025352477096021175,-0.0008032934856601059,0.00010532352462178096,-0.023716462776064873
1.0729166666666858,-0.0025310527998954058,-0.0008024841663427651,0.00010488822590559721,-0.023744942620396614
1.0739583333333524,-0.002526848576962948,-0.0008016560459509492,0.00010375799320172518,-0.02377350814640522
1.075000000000019,-0.0025226613506674767,-0.0008011094760149717,0.00010213819768978283,-0.023801961913704872
1.0760416666666857,-0.002518490655347705,-0.000800317560788244,0.00010133348405361176,-0.023830000311136246
1.0770833333333523,-0.0025143318343907595,-0.0007996098720468581,0.00010028848919318989,-0.02385850064456463
1.0781250000000189,-0.0025101779028773308,-0.0007990283193066716,9.905200568027794e-05,-0.023886628448963165
1.0791666666666855,-0.002506022807210684,-0.0007982038077898324,9.876295371213928e-05,-0.023914918303489685
1.080208333333352,-0.0025018728338181973,-0.0007973850588314235,9.986054647015408e-05,-0.02394319325685501
1.0812500000000187,-0.0024977531284093857,-0.0007965525146573782,0.00010132798342965543,-0.023971684277057648
1.0822916666666853,-0.0024936150293797255,-0.0007955664768815041,0.00010364213812863454,-0.023999899625778198
1.083333333333352,-0.002489506732672453,-0.0007945102988742292,0.00010553717584116384,-0.024027708917856216
1.0843750000000185,-0.002485412871465087,-0.0007934851455502212,0.00010741957521531731,-0.024055594578385353
1.0854166666666851,-0.002481302246451378,-0.0007922204094938934,0.00010911203571595252,-0.024083547294139862
1.0864583333333517,-0.0024772044271230698,-0.000791108061093837,0.00011062223347835243,-0.024111391976475716
1.0875000000000183,-0.002473115688189864,-0.0007899987394921482,0.00011218231520615518,-0.024139242246747017
1.088541666666685,-0.0024690511636435986,-0.0007889834232628345,0.00011344434460625052,-0.02416706643998623
1.0895833333333516,-0.002464976627379656,-0.0007878721226006746,0.00011567510955501348,-0.024194883182644844
1.0906250000000182,-0.00246092164888978,-0.000786949647590518,0.00011731767153833061,-0.02422255277633667
1.0916666666666848,-0.0024568717926740646,-0.0007858214667066932,0.000119224758236669,-0.02425031177699566
1.0927083333333514,-0.0024528363719582558,-0.0007847240194678307,0.00012138436431996524,-0.024278197437524796
1.093750000000018,-0.0024487734772264957,-0.0007839805912226439,0.00012314613559283316,-0.024305803701281548
1.0947916666666846,-0.0024447732139378786,-0.0007828475791029632,0.00012499361764639616,-0.024333715438842773
1.0958333333333512,-0.0024407587479799986,-0.0007818197482265532,0.00012663756206166,-0.02436147816479206
1.0968750000000178,-0.0024367275182157755,-0.0007807534420862794,0.00012807748862542212,-0.024389268830418587
1.0979166666666844,-0.0024327347055077553,-0.0007797430735081434,0.00012859515845775604,-0.024417174980044365
1.098958333333351,-0.0024287421256303787,-0.0007786977221257985,0.00012862423318438232,-0.024445056915283203
1.1000000000000176,-0.0024247458204627037,-0.0007778173894621432,0.00012859505659434944,-0.02447281964123249
